Workbook

Sheet Synthèse
A1: Situation actuelle 2024
B2: Parquet | C2: PR | D2: PRA | E2: PAP | F2: PMF | G2: DEF | H2: COFAC | I2: EP | J2: PCSNE | K2: Pciv | L2: SG
A3: ETPT mag. Parquet | B3: 39 | C3: 1 | D3: 5 | E3: 8 | F3: 6.3 | G3: 6 | H3: 4 | I3: 4 | J3: 2 | K3: 2 | L3: 1
A4: ETPT de perm/audiences | B4: 33 | C4: 1 | E4: 8 | F4: 6 | G4: 6 | H4: 4 | I4: 4 | J4: 2 | K4: 2 | L4: 1
A5: total 1/2 journées (hors Hier.) | B5: =(B3-7)*25 -> 800 | C5: =C3*25 -> 25 | D5: =D3*25 -> 125 | E5: =E3*25 -> 200 | F5: =F3*25 -> 157.5 | G5: =G3*25 -> 150 | H5: =H3*25 -> 100 | I5: =I3*25 -> 100 | J5: =J3*25 -> 50 | ... L5: =L3*25 -> 25
A7: 1/2 j d'audiences (Tcorr, TPE, Tpol, Tcom.) | B7: 156 | C7: =(COUNTIF($C$4:$AA$33,$AF$35)) -> 4 | E7: =(COUNTIF($C$4:$AA$35,$AH$35)) -> 48 | F7: =(COUNTIF($C$4:$AA$35,$AI$35)) -> 46 | G7: =(COUNTIF($C$4:$AA$35,$AJ$35)) -> 42 | H7: =(COUNTIF($C$4:$AA$35,$AK$35)) -> 16 | I7: =(COUNTIF($C$4:$AA$35,$AL$35)) -> 29 | J7: =(COUNTIF($C$4:$AA$35,$AM$35)) -> 4 | K7: =(COUNTIF($C$4:$AA$35,$AN$35)) -> 13 | L7: =(COUNTIF($C$4:$AA$35,"SG")) -> 1
A8: Pondération (jour) | B8: =E8+F8+G8+H8+I8+K8+C8+J8+L8 -> 216.5 | C8: =COUNTIF($C$4:$AA$4,$AF$35)*$AB$4+COUNTIF($C$5:$AA$5,$AF$35)*$AB$5+COUNTIF($C$6:$AA$6,$AF$35)*$AB$6+COUNTIF($C$7:$AA$7,$AF$35)*$AB$7+COUNTIF($C$8:$AA$8,$AF$35)*$AB$8+COUNTIF($C$9:$AA$9,$AF$35)*$AB$9+COUNTIF($C$10:$AA$10,$AF$35)*$AB$10+COUNTIF($C$11:$AA$11,$AF$35)*$AB$11+COUNTIF($C$12:$AA$12,$AF$35)*$AB$12+COUNTIF($C$13:$AA$13,$AF$35)*$AB$13+COUNTIF($C$14:$AA$14,$AF$35)*$AB$14+COUNTIF($C$15:$AA$15,$AF$35)*$AB$15+COUNTIF($C$16:$AA$16,$AF$35)*$AB$16+COUNTIF($C$17:$AA$17,$AF$35)*$AB$17+COUNTIF($C$18:$AA$18,$AF$35)*$AB$18+COUNTIF($C$19:$AA$19,$AF$35)*$AB$19+COUNTIF($C$20:$AA$20,$AF$35)*$AB$20+COUNTIF($C$21:$AA$21,$AF$35)*$AB$21+COUNTIF($C$22:$AA$22,$AF$35)*$AB$22+COUNTIF($C$23:$AA$23,$AF$35)*$AB$23+COUNTIF($C$24:$AA$24,$AF$35)*$AB$24+COUNTIF($C$25:$AA$25,$AF$35)*$AB$25+COUNTIF($C$26:$AA$26,$AF$35)*$AB$26+COUNTIF($C$27:$AA$27,$AF$35)*$AB$27+COUNTIF($C$28:$AA$28,$AF$35)*$AB$28+COUNTIF($C$29:$AA$29,$AF$35)*$AB$29+COUNTIF($C$30:$AA$30,$AF$35)*$AB$30+COUNTIF($C$31:$AA$31,$AF$35)*$AB$31+COUNTIF($C$32:$AA$32,$AF$35)*$AB$32+COUNTIF($C$33:$AA$33,$AF$35)*$AB$33+COUNTIF($C$34:$AA$34,$AF$35)*$AB$34 -> 2 | D8: =4+4+4.25+7.125+3.25 -> 22.625 | E8: =COUNTIF($C$4:$AA$4,$AH$35)*$AB$4+COUNTIF($C$5:$AA$5,$AH$35)*$AB$5+COUNTIF($C$6:$AA$6,$AH$35)*$AB$6+COUNTIF($C$7:$AA$7,$AH$35)*$AB$7+COUNTIF($C$8:$AA$8,$AH$35)*$AB$8+COUNTIF($C$9:$AA$9,$AH$35)*$AB$9+COUNTIF($C$10:$AA$10,$AH$35)*$AB$10+COUNTIF($C$11:$AA$11,$AH$35)*$AB$11+COUNTIF($C$12:$AA$12,$AH$35)*$AB$12+COUNTIF($C$13:$AA$13,$AH$35)*$AB$13+COUNTIF($C$14:$AA$14,$AH$35)*$AB$14+COUNTIF($C$15:$AA$15,$AH$35)*$AB$15+COUNTIF($C$16:$AA$16,$AH$35)*$AB$16+COUNTIF($C$17:$AA$17,$AH$35)*$AB$17+COUNTIF($C$18:$AA$18,$AH$35)*$AB$18+COUNTIF($C$19:$AA$19,$AH$35)*$AB$19+COUNTIF($C$20:$AA$20,$AH$35)*$AB$20+COUNTIF($C$21:$AA$21,$AH$35)*$AB$21+COUNTIF($C$22:$AA$22,$AH$35)*$AB$22+COUNTIF($C$23:$AA$23,$AH$35)*$AB$23+COUNTIF($C$24:$AA$24,$AH$35)*$AB$24+COUNTIF($C$25:$AA$25,$AH$35)*$AB$25+COUNTIF($C$26:$AA$26,$AH$35)*$AB$26+COUNTIF($C$27:$AA$27,$AH$35)*$AB$27+COUNTIF($C$28:$AA$28,$AH$35)*$AB$28+COUNTIF($C$29:$AA$29,$AH$35)*$AB$29+COUNTIF($C$30:$AA$30,$AH$35)*$AB$30+COUNTIF($C$31:$AA$31,$AH$35)*$AB$31+COUNTIF($C$32:$AA$32,$AH$35)*$AB$32+COUNTIF($C$33:$AA$33,$AH$35)*$AB$33+COUNTIF($C$34:$AA$34,$AH$35)*$AB$34 -> 52.5 | F8: =COUNTIF($C$4:$AA$4,F2)*$AB$4+COUNTIF($C$5:$AA$5,$AI$35)*$AB$5+COUNTIF($C$6:$AA$6,$AI$35)*$AB$6+COUNTIF($C$7:$AA$7,$AI$35)*$AB$7+COUNTIF($C$8:$AA$8,$AI$35)*$AB$8++COUNTIF($C$9:$AA$9,$AI$35)*$AB$9+COUNTIF($C$10:$AA$10,$AI$35)*$AB$10+COUNTIF($C$11:$AA$11,$AI$35)*0.5*$AB$11+COUNTIF($C$12:$AA$12,$AI$35)*$AB$12+COUNTIF($C$13:$AA$13,$AI$35)*$AB$13+COUNTIF($C$14:$AA$14,$AI$35)*$AB$14+COUNTIF($C$15:$AA$15,$AI$35)*$AB$15+COUNTIF($C$16:$AA$16,$AI$35)*$AB$16+COUNTIF($C$17:$AA$17,$AI$35)*$AB$17+COUNTIF($C$18:$AA$18,$AI$35)*$AB$18+COUNTIF($C$19:$AA$19,$AI$35)*$AB$19+COUNTIF($C$20:$AA$20,$AI$35)*$AB$20+COUNTIF($C$21:$AA$21,$AI$35)*$AB$21+COUNTIF($C$22:$AA$22,$AI$35)*$AB$22+COUNTIF($C$23:$AA$23,$AI$35)*$AB$23+COUNTIF($C$24:$AA$24,$AI$35)*$AB$24+COUNTIF($C$25:$AA$25,$AI$35)*$AB$25+COUNTIF($C$26:$AA$26,$AI$35)*$AB$26+COUNTIF($C$27:$AA$27,$AI$35)*$AB$27+COUNTIF($C$28:$AA$28,$AI$35)*$AB$28+COUNTIF($C$29:$AA$29,$AI$35)*$AB$29+COUNTIF($C$30:$AA$30,$AI$35)*$AB$30+COUNTIF($C$31:$AA$31,$AI$35)*$AB$31+COUNTIF($C$32:$AA$32,$AI$35)*$AB$32+COUNTIF($C$33:$AA$33,$AI$35)*$AB$33+COUNTIF($C$34:$AA$34,$AI$35)*$AB$34 -> 48.75 | G8: =COUNTIF($C$4:$AA$4,$AJ$35)*$AB$4+COUNTIF($C$5:$AA$5,$AJ$35)*$AB$5+COUNTIF($C$6:$AA$6,$AJ$35)*$AB$6+COUNTIF($C$7:$AA$7,$AJ$35)*$AB$7+COUNTIF($C$8:$AA$8,$AJ$35)*$AB$8+COUNTIF($C$9:$AA$9,$AJ$35)*$AB$9+COUNTIF($C$10:$AA$10,$AJ$35)*$AB$10+COUNTIF($C$11:$AA$11,$AJ$35)*$AB$11+COUNTIF($C$12:$AA$12,$AJ$35)*$AB$12+COUNTIF($C$13:$AA$13,$AJ$35)*$AB$13+COUNTIF($C$14:$AA$14,$AJ$35)*$AB$14+COUNTIF($C$15:$AA$15,$AJ$35)*$AB$15+COUNTIF($C$16:$AA$16,$AJ$35)*$AB$16+COUNTIF($C$17:$AA$17,$AJ$35)*$AB$17+COUNTIF($C$18:$AA$18,$AJ$35)*$AB$18+COUNTIF($C$19:$AA$19,$AJ$35)*$AB$19+COUNTIF($C$20:$AA$20,$AJ$35)*$AB$20+COUNTIF($C$21:$AA$21,$AJ$35)*$AB$21+COUNTIF($C$22:$AA$22,$AJ$35)*$AB$22+COUNTIF($C$23:$AA$23,$AJ$35)*$AB$23+COUNTIF($C$24:$AA$24,$AJ$35)*$AB$24+COUNTIF($C$25:$AA$25,$AJ$35)*$AB$25+COUNTIF($C$26:$AA$26,$AJ$35)*$AB$26+COUNTIF($C$27:$AA$27,$AJ$35)*$AB$27+COUNTIF($C$28:$AA$28,$AJ$35)*$AB$28+COUNTIF($C$29:$AA$29,$AJ$35)*$AB$29+COUNTIF($C$30:$AA$30,$AJ$35)*$AB$96+COUNTIF($C$31:$AA$31,$AJ$35)*$AB$31+COUNTIF($C$32:$AA$32,$AJ$35)*$AB$32+COUNTIF($C$33:$AA$33,$AJ$35)*$AB$33+COUNTIF($C$34:$AA$34,$AJ$35)*$AB$34 -> 46 | H8: =COUNTIF($C$4:$AA$4,$AK$35)*$AB$4+COUNTIF($C$5:$AA$5,$AK$35)*$AB$5+COUNTIF($C$6:$AA$6,$AK$35)*$AB$6+COUNTIF($C$7:$AA$7,$AK$35)*$AB$7+COUNTIF($C$8:$AA$8,$AK$35)*$AB$8+COUNTIF($C$9:$AA$9,$AK$35)*$AB$9+COUNTIF($C$10:$AA$10,$AK$35)*$AB$10+COUNTIF($C$11:$AA$11,$AK$35)*$AB$11+COUNTIF($C$12:$AA$12,$AK$35)*$AB$12+COUNTIF($C$13:$AA$13,$AK$35)*$AB$13+COUNTIF($C$14:$AA$14,$AK$35)*$AB$14+COUNTIF($C$15:$AA$15,$AK$35)*$AB$15+COUNTIF($C$16:$AA$16,$AK$35)*$AB$16+COUNTIF($C$17:$AA$17,$AK$35)*$AB$17+COUNTIF($C$18:$AA$18,$AK$35)*$AB$18+COUNTIF($C$19:$AA$19,$AK$35)*$AB$19+COUNTIF($C$20:$AA$20,$AK$35)*$AB$20+COUNTIF($C$21:$AA$21,$AK$35)*$AB$21+COUNTIF($C$22:$AA$22,$AK$35)*$AB$22+COUNTIF($C$23:$AA$23,$AK$35)*$AB$23+COUNTIF($C$24:$AA$24,$AK$35)*$AB$24+COUNTIF($C$25:$AA$25,$AK$35)*$AB$25+COUNTIF($C$26:$AA$26,$AK$35)*$AB$26+COUNTIF($C$27:$AA$27,$AK$35)*$AB$27+COUNTIF($C$28:$AA$28,$AK$35)*$AB$28+COUNTIF($C$29:$AA$29,$AK$35)*$AB$29+COUNTIF($C$30:$AA$30,$AK$35)*$AB$30+COUNTIF($C$31:$AA$31,$AK$35)*$AB$31+COUNTIF($C$32:$AA$32,$AK$35)*$AB$32+COUNTIF($C$33:$AA$33,$AK$35)*$AB$33+COUNTIF($C$34:$AA$34,$AK$35)*$AB$34 -> 21.75 | I8: =COUNTIF($C$4:$AA$4,$AL$35)*$AB$4+COUNTIF($C$5:$AA$5,$AL$35)*$AB$5+COUNTIF($C$6:$AA$6,$AL$35)*$AB$6+COUNTIF($C$7:$AA$7,$AL$35)*$AB$7+COUNTIF($C$8:$AA$8,$AL$35)*$AB$8+COUNTIF($C$9:$AA$9,$AL$35)*$AB$9+COUNTIF($C$10:$AA$10,$AL$35)*$AB$10+COUNTIF($C$11:$AA$11,$AL$35)*$AB$11+COUNTIF($C$12:$AA$12,$AL$35)*$AB$12+COUNTIF($C$13:$AA$13,$AL$35)*$AB$13+COUNTIF($C$14:$AA$14,$AL$35)*$AB$14+COUNTIF($C$15:$AA$15,$AL$35)*$AB$15+COUNTIF($C$16:$AA$16,$AL$35)*$AB$16+COUNTIF($C$17:$AA$17,$AL$35)*$AB$17+COUNTIF($C$18:$AA$18,$AL$35)*$AB$18+COUNTIF($C$19:$AA$19,$AL$35)*$AB$19+COUNTIF($C$20:$AA$20,$AL$35)*$AB$20+COUNTIF($C$21:$AA$21,$AL$35)*$AB$21+COUNTIF($C$22:$AA$22,$AL$35)*$AB$22+COUNTIF($C$23:$AA$23,$AL$35)*$AB$23+COUNTIF($C$24:$AA$24,$AL$35)*$AB$24+COUNTIF($C$25:$AA$25,$AL$35)*$AB$25+COUNTIF($C$26:$AA$26,$AL$35)*$AB$26+COUNTIF($C$27:$AA$27,$AL$35)*$AB$27+COUNTIF($C$28:$AA$28,$AL$35)*$AB$28+COUNTIF($C$29:$AA$29,$AL$35)*$AB$29+COUNTIF($C$30:$AA$30,$AL$35)*$AB$30+COUNTIF($C$31:$AA$31,$AL$35)*$AB$31+COUNTIF($C$32:$AA$32,$AL$35)*$AB$32+COUNTIF($C$33:$AA$33,$AL$35)*$AB$33+COUNTIF($C$34:$AA$34,$AL$35)*$AB$34 -> 27.25 | J8: =COUNTIF($C$4:$AA$4,$AM$35)*$AB$4+COUNTIF($C$5:$AA$5,$AM$35)*$AB$5+COUNTIF($C$6:$AA$6,$AM$35)*$AB$6+COUNTIF($C$7:$AA$7,$AM$35)*$AB$7+COUNTIF($C$8:$AA$8,$AM$35)*$AB$8+COUNTIF($C$9:$AA$9,$AM$35)*$AB$9+COUNTIF($C$10:$AA$10,$AM$35)*$AB$10+COUNTIF($C$11:$AA$11,$AM$35)*$AB$11+COUNTIF($C$12:$AA$12,$AM$35)*$AB$12+COUNTIF($C$13:$AA$13,$AM$35)*$AB$13+COUNTIF($C$14:$AA$14,$AM$35)*$AB$14+COUNTIF($C$15:$AA$15,$AM$35)*$AB$15+COUNTIF($C$16:$AA$16,$AM$35)*$AB$16+COUNTIF($C$17:$AA$17,$AM$35)*$AB$17+COUNTIF($C$18:$AA$18,$AM$35)*$AB$18+COUNTIF($C$19:$AA$19,$AM$35)*$AB$19+COUNTIF($C$20:$AA$20,$AM$35)*$AB$20+COUNTIF($C$21:$AA$21,$AM$35)*$AB$21+COUNTIF($C$22:$AA$22,$AM$35)*$AB$22+COUNTIF($C$23:$AA$23,$AM$35)*$AB$23+COUNTIF($C$24:$AA$24,$AM$35)*$AB$24+COUNTIF($C$25:$AA$25,$AM$35)*$AB$25+COUNTIF($C$26:$AA$26,$AM$35)*$AB$26+COUNTIF($C$27:$AA$27,$AM$35)*$AB$27+COUNTIF($C$28:$AA$28,$AM$35)*$AB$28+COUNTIF($C$29:$AA$29,$AM$35)*$AB$29+COUNTIF($C$30:$AA$30,$AM$35)*$AB$30+COUNTIF($C$31:$AA$31,$AM$35)*$AB$31+COUNTIF($C$32:$AA$32,$AM$35)*$AB$32+COUNTIF($C$33:$AA$33,$AM$35)*$AB$33+COUNTIF($C$34:$AA$34,$AM$35)*$AB$34 -> 5 | K8: =COUNTIF($C$4:$AA$4,$AN$35)*$AB$4+COUNTIF($C$5:$AA$5,$AN$35)*$AB$5+COUNTIF($C$6:$AA$6,$AN$35)*$AB$6+COUNTIF($C$7:$AA$7,$AN$35)*$AB$7+COUNTIF($C$8:$AA$8,$AN$35)*$AB$8+COUNTIF($C$9:$AA$9,$AN$35)*$AB$9+COUNTIF($C$10:$AA$10,$AN$35)*$AB$10+COUNTIF($C$11:$AA$11,$AN$35)*$AB$11+COUNTIF($C$12:$AA$12,$AN$35)*$AB$12+COUNTIF($C$13:$AA$13,$AN$35)*$AB$13+COUNTIF($C$14:$AA$14,$AN$35)*$AB$14+COUNTIF($C$15:$AA$15,$AN$35)*$AB$15+COUNTIF($C$16:$AA$16,$AN$35)*$AB$16+COUNTIF($C$17:$AA$17,$AN$35)*$AB$17+COUNTIF($C$18:$AA$18,$AN$35)*$AB$18+COUNTIF($C$19:$AA$19,$AN$35)*$AB$19+COUNTIF($C$20:$AA$20,$AN$35)*$AB$20+COUNTIF($C$21:$AA$21,$AN$35)*$AB$21+COUNTIF($C$22:$AA$22,$AN$35)*$AB$22+COUNTIF($C$23:$AA$23,$AN$35)*$AB$23+COUNTIF($C$24:$AA$24,$AN$35)*$AB$24+COUNTIF($C$25:$AA$25,$AN$35)*$AB$25+COUNTIF($C$26:$AA$26,$AN$35)*$AB$26+COUNTIF($C$27:$AA$27,$AN$35)*$AB$27+COUNTIF($C$28:$AA$28,$AN$35)*$AB$28+COUNTIF($C$29:$AA$29,$AN$35)*$AB$29+COUNTIF($C$30:$AA$30,$AN$35)*$AB$30+COUNTIF($C$31:$AA$31,$AN$35)*$AB$31+COUNTIF($C$32:$AA$32,$AN$35)*$AB$32+COUNTIF($C$33:$AA$33,$AN$35)*$AB$33+COUNTIF($C$34:$AA$34,$AN$35)*$AB$34 -> 12 | L8: =L7*1.25 -> 1.25
A9: Charge aud./mag. | E9: =E7/E3 -> 6 | F9: =F7/F3 -> 7.3015873 | G9: =G7/G3 -> 7 | H9: =H7/H3 -> 4 | I9: =I7/I3 -> 7.25 | J9: =J7/J3 -> 2 | K9: =K7/K3 -> 6.5 | L9: =L7/L3 -> 1
A10: Ch. aud. pond./mag. | B10: =(B8-D8)/B4 -> 5.875 | C10: =C8/C4 -> 2 | E10: =(E8-4)/E4 -> 6.0625 | F10: =(F8-2.75)/F3 -> 7.3015873 | G10: =(G8-4)/G4 -> 7 | H10: =(H8-7.125)/H4 -> 3.65625 | I10: =(I8-3.25)/I4 -> 6 | J10: =J8/J4 -> 2.5 | K10: =(K8-1.25)/K4 -> 5.375 | L10: =L8/L4 -> 1.25
A11: 1/2 jour perm. de semaine | B11: =E11+F11+G11+H11+I11+K11 -> 400 | E11: =25*2*2 -> 100 | F11: =25*2*2 -> 100 | G11: =25*2 -> 50 | H11: =25*2 -> 50 | I11: =25*2 -> 50 | K11: =25*2 -> 50
A12: 1/2 journée perm/mag. | B12: =(B11-9)/B3 -> 10.025641 | C12: =C11/C3 -> 0 | E12: =E11/E3 -> 12.5 | F12: =F11/F3 -> 15.873016 | G12: =G11/G3 -> 8.3333333 | H12: =H11/H3 -> 12.5 | I12: =I11/I3 -> 12.5 | J12: =J11/J3 -> 0 | K12: =K11/K3 -> 25 | L12: =L11/L3 -> 0
A13: total 1/2 journées cabinet | B13: =B5-B8-B11 -> 183.5 | E13: =E5-E8-E11 -> 47.5 | F13: =F5-F8-F11 -> 8.75 | G13: =G5-G8-G11 -> 54 | H13: =H5-H8-H11 -> 28.25 | I13: =I5-I8-I11 -> 22.75 | J13: =J5-J8-J11 -> 45 | K13: =K5-K8-K11 -> -12 | L13: =L5-L8-L11 -> 23.75
A14: 1/2 cab/magistrat | B14: =B13/33 -> 5.5606061 | E14: =E13/E3 -> 5.9375 | F14: =F13/F3 -> 1.3888889 | G14: =G13/G3 -> 9 | H14: =H13/H3 -> 7.0625 | I14: =I13/I3 -> 5.6875 | J14: =J13/J3 -> 22.5 | K14: =K13/K3 -> -6 | L14: =L13/L3 -> 23.75
A15: Jours de cab/mois/mag. | B15: =B14/2 -> 2.780303 | E15: =E14/2 -> 2.96875 | F15: =F14/2 -> 0.69444444 | G15: =G14/2 -> 4.5 | H15: =H14/2 -> 3.53125 | I15: =I14/2 -> 2.84375 | K15: =K14/2 -> -3
A16: Réforme canevas des audiences 2025
B17: Parquet | C17: PR | D17: PRA | E17: PAP | F17: PMF | G17: DEF | H17: COFAC | I17: EP | J17: PCSNE | K17: Pciv | L17: SG
A18: ETPT mag. Parquet | B18: 39 | C18: 1 | D18: 5 | E18: 8 | F18: 6.3 | G18: 6 | H18: 4 | I18: 4 | J18: 2 | K18: 2 | L18: 1
A19: ETPT de perm/audiences | B19: 33 | C19: 1 | E19: 8 | F19: 6 | G19: 6 | H19: 4 | I19: 4 | J19: 2 | K19: 2 | L19: 1
A20: total 1/2 journées (hors Hier.) | B20: =(B18-7)*25 -> 800 | C20: =C18*25 -> 25 | D20: =D18*25 -> 125 | E20: =E18*25 -> 200 | F20: =F18*25 -> 157.5 | G20: =G18*25 -> 150 | H20: =H18*25 -> 100 | I20: =I18*25 -> 100 | J20: =J18*25 -> 50 | ... L20: =L18*25 -> 25
A22: 1/2 j d'audiences (Tcorr, TPE, Tpol, Tcom.) | B22: 156 | C22: =(COUNTIF($C$4:$AA$33,$AF$36)) -> 5 | E22: =(COUNTIF($C$4:$AA$33,$AH$36)) -> 46 | F22: =(COUNTIF($C$4:$AA$33,$AI$36)) -> 57 | G22: =(COUNTIF($C$4:$AA$33,$AJ$36)) -> 42 | H22: =(COUNTIF($C$4:$AA$33,$AK$36)) -> 13 | I22: =(COUNTIF($C$4:$AA$33,$AL$36)) -> 29 | J22: =(COUNTIF($C$4:$AA$33,$AM$36)) -> 4 | K22: =(COUNTIF($C$4:$AA$33,$AN$36)) -> 15 | L22: =(COUNTIF($C$4:$AA$33,"SG")) -> 1
A23: Pondération (jour) | B23: =E23+F23+G23+H23+I23+K23+C23+J23+L23 -> 222.5 | C23: =COUNTIF($C$4:$AA$4,$AF$36)*$AB$4+COUNTIF($C$5:$AA$5,$AF$36)*$AB$5+COUNTIF($C$6:$AA$6,$AF$36)*$AB$6+COUNTIF($C$7:$AA$7,$AF$36)*$AB$7+COUNTIF($C$8:$AA$8,$AF$36)*$AB$8+COUNTIF($C$9:$AA$9,$AF$36)*$AB$9+COUNTIF($C$10:$AA$10,$AF$36)*$AB$10+COUNTIF($C$11:$AA$11,$AF$36)*$AB$11+COUNTIF($C$12:$AA$12,$AF$36)*$AB$12+COUNTIF($C$13:$AA$13,$AF$36)*$AB$13+COUNTIF($C$14:$AA$14,$AF$36)*$AB$14+COUNTIF($C$15:$AA$15,$AF$36)*$AB$15+COUNTIF($C$16:$AA$16,$AF$36)*$AB$16+COUNTIF($C$17:$AA$17,$AF$36)*$AB$17+COUNTIF($C$18:$AA$18,$AF$36)*$AB$18+COUNTIF($C$19:$AA$19,$AF$36)*$AB$19+COUNTIF($C$20:$AA$20,$AF$36)*$AB$20+COUNTIF($C$21:$AA$21,$AF$36)*$AB$21+COUNTIF($C$22:$AA$22,$AF$36)*$AB$22+COUNTIF($C$23:$AA$23,$AF$36)*$AB$23+COUNTIF($C$24:$AA$24,$AF$36)*$AB$24+COUNTIF($C$25:$AA$25,$AF$36)*$AB$25+COUNTIF($C$26:$AA$26,$AF$36)*$AB$26+COUNTIF($C$27:$AA$27,$AF$36)*$AB$27+COUNTIF($C$28:$AA$28,$AF$36)*$AB$28+COUNTIF($C$29:$AA$29,$AF$36)*$AB$29+COUNTIF($C$30:$AA$30,$AF$36)*$AB$30+COUNTIF($C$31:$AA$31,$AF$36)*$AB$31+COUNTIF($C$32:$AA$32,$AF$36)*$AB$32+COUNTIF($C$33:$AA$33,$AF$36)*$AB$33 -> 3 | D23: =4+4+4.25+7.125+3.25 -> 22.625 | E23: =COUNTIF($C$4:$AA$4,$AH$36)*$AB$4+COUNTIF($C$5:$AA$5,$AH$36)*$AB$5+COUNTIF($C$6:$AA$6,$AH$36)*$AB$6+COUNTIF($C$7:$AA$7,$AH$36)*$AB$7+COUNTIF($H$8:$AA$8,$AH$36)*$AB$8+COUNTIF($C$9:$AA$9,$AH$36)*$AB$9+COUNTIF($C$10:$AA$10,$AH$36)*$AB$10+COUNTIF($C$11:$AA$11,$AH$36)*$AB$11+COUNTIF($C$12:$AA$12,$AH$36)*$AB$12+COUNTIF($D$13:$AA$13,$AH$36)*$AB$13+COUNTIF($C$14:$AA$14,$AH$36)*$AB$14+COUNTIF($C$15:$AA$15,$AH$36)*$AB$15+COUNTIF($C$16:$AA$16,$AH$36)*$AB$16+COUNTIF($C$17:$AA$17,$AH$36)*$AB$17+COUNTIF($D$18:$AA$18,$AH$36)*$AB$18+COUNTIF($C$19:$AA$19,$AH$36)*$AB$19+COUNTIF($C$20:$AA$20,$AH$36)*$AB$20+COUNTIF($C$21:$AA$21,$AH$36)*$AB$21+COUNTIF($C$22:$AA$22,$AH$36)*$AB$22+COUNTIF($C$23:$AA$23,$AH$36)*$AB$23+COUNTIF($C$24:$AA$24,$AH$36)*$AB$24+COUNTIF($C$25:$AA$25,$AH$36)*$AB$25+COUNTIF($C$26:$AA$26,$AH$36)*$AB$26+COUNTIF($C$27:$AA$27,$AH$36)*$AB$27+COUNTIF($C$28:$AA$28,$AH$36)*$AB$28+COUNTIF($C$29:$AA$29,$AH$36)*$AB$29+COUNTIF($C$30:$AA$30,$AH$36)*$AB$30+COUNTIF($C$31:$AA$31,$AH$36)*$AB$31+COUNTIF($C$32:$AA$32,$AH$36)*$AB$32+COUNTIF($C$33:$AA$33,$AH$36)*$AB$33 -> 51 | F23: =COUNTIF($C$4:$AA$4,$AI$36)*$AB$4+COUNTIF($C$5:$AA$5,$AI$36)*$AB$5+COUNTIF($C$6:$AA$6,$AI$36)*$AB$6+COUNTIF($C$7:$AA$7,$AI$36)*$AB$7+COUNTIF($H$8:$AA$8,$AI$36)*$AB$8+COUNTIF($C$9:$AA$9,$AI$36)*$AB$9+COUNTIF($C$10:$AA$10,$AI$36)*0.5*$AB$10+COUNTIF($C$11:$AA$11,$AI$36)*$AB$11+COUNTIF($C$12:$AA$12,$AI$36)*$AB$12+COUNTIF($D$13:$AA$13,$AI$36)*$AB$13+COUNTIF($C$14:$AA$14,$AI$36)*$AB$14+COUNTIF($C$15:$AA$15,$AI$36)*$AB$15+COUNTIF($C$16:$AA$16,$AI$36)*$AB$16+COUNTIF($C$17:$AA$17,$AI$36)*$AB$17+COUNTIF($D$18:$AA$18,$AI$36)*$AB$18+COUNTIF($C$19:$AA$19,$AI$36)*$AB$19+COUNTIF($C$20:$AA$20,$AI$36)*$AB$20+COUNTIF($C$21:$AA$21,$AI$36)*$AB$21+COUNTIF($C$22:$AA$22,$AI$36)*$AB$22+COUNTIF($C$23:$AA$23,$AI$36)*$AB$23+COUNTIF($C$24:$AA$24,$AI$36)*$AB$24+COUNTIF($C$25:$AA$25,$AI$36)*$AB$25+COUNTIF($C$26:$AA$26,$AI$36)*$AB$26+COUNTIF($C$27:$AA$27,$AI$36)*$AB$27+COUNTIF($C$28:$AA$28,$AI$36)*$AB$28+COUNTIF($C$29:$AA$29,$AI$36)*$AB$29+COUNTIF($C$30:$AA$30,$AI$36)*$AB$30+COUNTIF($C$31:$AA$31,$AI$36)*$AB$31+COUNTIF($C$32:$AA$32,$AI$36)*$AB$32+COUNTIF($C$33:$AA$33,$AI$36)*$AB$33 -> 56 | G23: =COUNTIF($C$4:$AA$4,$AJ$36)*$AB$4+COUNTIF($C$5:$AA$5,$AJ$36)*$AB$5+COUNTIF($C$6:$AA$6,$AJ$36)*$AB$6+COUNTIF($C$7:$AA$7,$AJ$36)*$AB$7+COUNTIF($H$8:$AA$8,$AJ$36)*$AB$8+COUNTIF($C$9:$AA$9,$AJ$36)*$AB$9+COUNTIF($C$10:$AA$10,$AJ$36)*$AB$10+COUNTIF($C$11:$AA$11,$AJ$36)*$AB$11+COUNTIF($C$12:$AA$12,$AJ$36)*$AB$12+COUNTIF($D$13:$AA$13,$AJ$36)*$AB$13+COUNTIF($C$14:$AA$14,$AJ$36)*$AB$14+COUNTIF($C$15:$AA$15,$AJ$36)*$AB$15+COUNTIF($C$16:$AA$16,$AJ$36)*$AB$16+COUNTIF($C$17:$AA$17,$AJ$36)*$AB$17+COUNTIF($D$18:$AA$18,$AJ$36)*$AB$18+COUNTIF($C$19:$AA$19,$AJ$36)*$AB$19+COUNTIF($C$20:$AA$20,$AJ$36)*$AB$20+COUNTIF($C$21:$AA$21,$AJ$36)*$AB$21+COUNTIF($C$22:$AA$22,$AJ$36)*$AB$22+COUNTIF($C$23:$AA$23,$AJ$36)*$AB$23+COUNTIF($C$24:$AA$24,$AJ$36)*$AB$24+COUNTIF($C$25:$AA$25,$AJ$36)*$AB$25+COUNTIF($C$26:$AA$26,$AJ$36)*$AB$26+COUNTIF($C$27:$AA$27,$AJ$36)*$AB$27+COUNTIF($C$28:$AA$28,$AJ$36)*$AB$28+COUNTIF($C$29:$AA$29,$AJ$36)*$AB$29+COUNTIF($C$30:$AA$30,$AJ$36)*$AB$30+COUNTIF($C$31:$AA$31,$AJ$36)*$AB$31+COUNTIF($C$32:$AA$32,$AJ$36)*$AB$32+COUNTIF($C$33:$AA$33,$AJ$36)*$AB$33 -> 45 | H23: =COUNTIF($C$4:$AA$4,$AK$36)*$AB$4+COUNTIF($C$5:$AA$5,$AK$36)*$AB$5+COUNTIF($C$6:$AA$6,$AK$36)*$AB$6+COUNTIF($C$7:$AA$7,$AK$36)*$AB$7+COUNTIF($H$8:$AA$8,$AK$36)*$AB$8+COUNTIF($C$9:$AA$9,$AK$36)*$AB$9+COUNTIF($C$10:$AA$10,$AK$36)*$AB$10+COUNTIF($C$11:$AA$11,$AK$36)*$AB$11+COUNTIF($C$12:$AA$12,$AK$36)*$AB$12+COUNTIF($D$13:$AA$13,$AK$36)*$AB$13+COUNTIF($C$14:$AA$14,$AK$36)*$AB$14+COUNTIF($C$15:$AA$15,$AK$36)*$AB$15+COUNTIF($C$16:$AA$16,$AK$36)*$AB$16+COUNTIF($C$17:$AA$17,$AK$36)*$AB$17+COUNTIF($D$18:$AA$18,$AK$36)*$AB$18+COUNTIF($C$19:$AA$19,$AK$36)*$AB$19+COUNTIF($C$20:$AA$20,$AK$36)*$AB$20+COUNTIF($C$21:$AA$21,$AK$36)*$AB$21+COUNTIF($C$22:$AA$22,$AK$36)*$AB$22+COUNTIF($C$23:$AA$23,$AK$36)*$AB$23+COUNTIF($C$24:$AA$24,$AK$36)*$AB$24+COUNTIF($C$25:$AA$25,$AK$36)*$AB$25+COUNTIF($C$26:$AA$26,$AK$36)*$AB$26+COUNTIF($C$27:$AA$27,$AK$36)*$AB$27+COUNTIF($C$28:$AA$28,$AK$36)*$AB$28+COUNTIF($C$29:$AA$29,$AK$36)*$AB$29+COUNTIF($C$30:$AA$30,$AK$36)*$AB$30+COUNTIF($C$31:$AA$31,$AK$36)*$AB$31+COUNTIF($C$32:$AA$32,$AK$36)*$AB$32+COUNTIF($C$33:$AA$33,$AK$36)*$AB$33 -> 19.25 | I23: =COUNTIF($C$4:$AA$4,$AL$36)*$AB$4+COUNTIF($C$5:$AA$5,$AL$36)*$AB$5+COUNTIF($C$6:$AA$6,$AL$36)*$AB$6+COUNTIF($C$7:$AA$7,$AL$36)*$AB$7+COUNTIF($H$8:$AA$8,$AL$36)*$AB$8+COUNTIF($C$9:$AA$9,$AL$36)*$AB$9+COUNTIF($C$10:$AA$10,$AL$36)*$AB$10+COUNTIF($C$11:$AA$11,$AL$36)*$AB$11+COUNTIF($C$12:$AA$12,$AL$36)*$AB$12+COUNTIF($D$13:$AA$13,$AL$36)*$AB$13+COUNTIF($C$14:$AA$14,$AL$36)*$AB$14+COUNTIF($C$15:$AA$15,$AL$36)*$AB$15+COUNTIF($C$16:$AA$16,$AL$36)*$AB$16+COUNTIF($C$17:$AA$17,$AL$36)*$AB$17+COUNTIF($D$18:$AA$18,$AL$36)*$AB$18+COUNTIF($C$19:$AA$19,$AL$36)*$AB$19+COUNTIF($C$20:$AA$20,$AL$36)*$AB$20+COUNTIF($C$21:$AA$21,$AL$36)*$AB$21+COUNTIF($C$22:$AA$22,$AL$36)*$AB$22+COUNTIF($C$23:$AA$23,$AL$36)*$AB$23+COUNTIF($C$24:$AA$24,$AL$36)*$AB$24+COUNTIF($C$25:$AA$25,$AL$36)*$AB$25+COUNTIF($C$26:$AA$26,$AL$36)*$AB$26+COUNTIF($C$27:$AA$27,$AL$36)*$AB$27+COUNTIF($C$28:$AA$28,$AL$36)*$AB$28+COUNTIF($C$29:$AA$29,$AL$36)*$AB$29+COUNTIF($C$30:$AA$30,$AL$36)*$AB$30+COUNTIF($C$31:$AA$31,$AL$36)*$AB$31+COUNTIF($C$32:$AA$32,$AL$36)*$AB$32+COUNTIF($C$33:$AA$33,$AL$36)*$AB$33 -> 27.25 | J23: =COUNTIF($C$4:$AA$4,$AM$36)*$AB$4+COUNTIF($C$5:$AA$5,$AM$36)*$AB$5+COUNTIF($C$6:$AA$6,$AM$36)*$AB$6+COUNTIF($C$7:$AA$7,$AM$36)*$AB$7+COUNTIF($H$8:$AA$8,$AM$36)*$AB$8+COUNTIF($C$9:$AA$9,$AM$36)*$AB$9+COUNTIF($C$10:$AA$10,$AM$36)*$AB$10+COUNTIF($C$11:$AA$11,$AM$36)*$AB$11+COUNTIF($C$12:$AA$12,$AM$36)*$AB$12+COUNTIF($D$13:$AA$13,$AM$36)*$AB$13+COUNTIF($C$14:$AA$14,$AM$36)*$AB$14+COUNTIF($C$15:$AA$15,$AM$36)*$AB$15+COUNTIF($C$16:$AA$16,$AM$36)*$AB$16+COUNTIF($C$17:$AA$17,$AM$36)*$AB$17+COUNTIF($D$18:$AA$18,$AM$36)*$AB$18+COUNTIF($C$19:$AA$19,$AM$36)*$AB$19+COUNTIF($C$20:$AA$20,$AM$36)*$AB$20+COUNTIF($C$21:$AA$21,$AM$36)*$AB$21+COUNTIF($C$22:$AA$22,$AM$36)*$AB$22+COUNTIF($C$23:$AA$23,$AM$36)*$AB$23+COUNTIF($C$24:$AA$24,$AM$36)*$AB$24+COUNTIF($C$25:$AA$25,$AM$36)*$AB$25+COUNTIF($C$26:$AA$26,$AM$36)*$AB$26+COUNTIF($C$27:$AA$27,$AM$36)*$AB$27+COUNTIF($C$28:$AA$28,$AM$36)*$AB$28+COUNTIF($C$29:$AA$29,$AM$36)*$AB$29+COUNTIF($C$30:$AA$30,$AM$36)*$AB$30+COUNTIF($C$31:$AA$31,$AM$36)*$AB$31+COUNTIF($C$32:$AA$32,$AM$36)*$AB$32+COUNTIF($C$33:$AA$33,$AM$36)*$AB$33 -> 5 | K23: =COUNTIF($C$4:$AA$4,$AN$36)*$AB$4+COUNTIF($C$5:$AA$5,$AN$36)*$AB$5+COUNTIF($C$6:$AA$6,$AN$36)*$AB$6+COUNTIF($C$7:$AA$7,$AN$36)*$AB$7+COUNTIF($H$8:$AA$8,$AN$36)*$AB$8+COUNTIF($C$9:$AA$9,$AN$36)*$AB$9+COUNTIF($C$10:$AA$10,$AN$36)*$AB$10+COUNTIF($C$11:$AA$11,$AN$36)*$AB$11+COUNTIF($C$12:$AA$12,$AN$36)*$AB$12+COUNTIF($D$13:$AA$13,$AN$36)*$AB$13+COUNTIF($C$14:$AA$14,$AN$36)*$AB$14+COUNTIF($C$15:$AA$15,$AN$36)*$AB$15+COUNTIF($C$16:$AA$16,$AN$36)*$AB$16+COUNTIF($C$17:$AA$17,$AN$36)*$AB$17+COUNTIF($D$18:$AA$18,$AN$36)*$AB$18+COUNTIF($C$19:$AA$19,$AN$36)*$AB$19+COUNTIF($C$20:$AA$20,$AN$36)*$AB$20+COUNTIF($C$21:$AA$21,$AN$36)*$AB$21+COUNTIF($C$22:$AA$22,$AN$36)*$AB$22+COUNTIF($C$23:$AA$23,$AN$36)*$AB$23+COUNTIF($C$24:$AA$24,$AN$36)*$AB$24+COUNTIF($C$25:$AA$25,$AN$36)*$AB$25+COUNTIF($C$26:$AA$26,$AN$36)*$AB$26+COUNTIF($C$27:$AA$27,$AN$36)*$AB$27+COUNTIF($C$28:$AA$28,$AN$36)*$AB$28+COUNTIF($C$29:$AA$29,$AN$36)*$AB$29+COUNTIF($C$30:$AA$30,$AN$36)*$AB$30+COUNTIF($C$31:$AA$31,$AN$36)*$AB$31+COUNTIF($C$32:$AA$32,$AN$36)*$AB$32+COUNTIF($C$33:$AA$33,$AN$36)*$AB$33 -> 14.75 | L23: =L22*1.25 -> 1.25
A24: Charge aud./mag. | E24: =E22/E18 -> 5.75 | F24: =F22/F18 -> 9.047619 | G24: =G22/G18 -> 7 | H24: =H22/H18 -> 3.25 | I24: =I22/I18 -> 7.25 | J24: =J22/J18 -> 2 | K24: =K22/K18 -> 7.5 | L24: =L22/L18 -> 1
A25: Ch. aud. pond./mag. | B25: =(B23-D23)/B19 -> 6.0568182 | C25: =C23/C19 -> 3 | E25: =(E23-4)/E19 -> 5.875 | F25: =(F23-2.75)/F18 -> 8.452381 | G25: =(G23-4)/G19 -> 6.8333333 | H25: =(H23-7.125)/H19 -> 3.03125 | I25: =(I23-3.25)/I19 -> 6 | J25: =J23/J19 -> 2.5 | K25: =(K23-1.25)/K19 -> 6.75 | L25: =L23/L19 -> 1.25
A26: 1/2 jour perm. de semaine | B26: =E26+F26+G26+H26+I26+K26 -> 400 | E26: =25*2*2 -> 100 | F26: =25*2*2 -> 100 | G26: =25*2 -> 50 | H26: =25*2 -> 50 | I26: =25*2 -> 50 | K26: =25*2 -> 50
A27: 1/2 journée perm/mag. | B27: =(B26-9)/B18 -> 10.025641 | C27: =C26/C18 -> 0 | E27: =E26/E18 -> 12.5 | F27: =F26/F18 -> 15.873016 | G27: =G26/G18 -> 8.3333333 | H27: =H26/H18 -> 12.5 | I27: =I26/I18 -> 12.5 | J27: =J26/J18 -> 0 | K27: =K26/K18 -> 25 | L27: =L26/L18 -> 0
A28: total 1/2 journées cabinet | B28: =B20-B23-B26 -> 177.5 | E28: =E20-E23-E26 -> 49 | F28: =F20-F23-F26 -> 1.5 | G28: =G20-G23-G26 -> 55 | H28: =H20-H23-H26 -> 30.75 | I28: =I20-I23-I26 -> 22.75 | J28: =J20-J23-J26 -> 45 | K28: =K20-K23-K26 -> -14.75 | L28: =L20-L23-L26 -> 23.75
A29: 1/2 cab/magistrat | B29: =B28/33 -> 5.3787879 | E29: =E28/E18 -> 6.125 | F29: =F28/F18 -> 0.23809524 | G29: =G28/G18 -> 9.1666667 | H29: =H28/H18 -> 7.6875 | I29: =I28/I18 -> 5.6875 | J29: =J28/J18 -> 22.5 | K29: =K28/K18 -> -7.375 | L29: =L28/L18 -> 23.75
A30: Jours de cab/mois/mag. | B30: =B29/2 -> 2.6893939 | E30: =E29/2 -> 3.0625 | F30: =F29/2 -> 0.11904762 | G30: =G29/2 -> 4.5833333 | H30: =H29/2 -> 3.84375 | I30: =I29/2 -> 2.84375 | K30: =K29/2 -> -3.6875
A32: Proposition de rééquilibrage 2025
B33: Parquet | C33: PR | D33: PRA | E33: A | F33: M | G33: E | H33: S | I33: P | J33: N | K33: C | L33: SG
A34: ETPT mag. Parquet | B34: 39 | C34: 1 | D34: 5 | E34: 8 | F34: 6.3 | G34: 6 | H34: 4 | I34: 4 | J34: 2 | K34: 2 | L34: 1
A35: ETPT de perm/audiences | B35: 33 | C35: 1 | E35: 8 | F35: 6 | G35: 6 | H35: 4 | I35: 4 | J35: 2 | K35: 2 | L35: 1
A36: total 1/2 journées (hors Hier.) | B36: =(B34-7)*25 -> 800 | C36: =C34*25 -> 25 | D36: =D34*25 -> 125 | E36: =E34*25 -> 200 | F36: =F34*25 -> 157.5 | G36: =G34*25 -> 150 | H36: =H34*25 -> 100 | I36: =I34*25 -> 100 | J36: =J34*25 -> 50 | ... L36: =L34*25 -> 25
A38: 1/2 j d'audiences (Tcorr, TPE, Tpol, Tcom.) | B38: 156 | C38: =(COUNTIF($C$4:$AA$33,$AF$36)) -> 5 | E38: =(COUNTIF($C$4:$AA$33,$AH$36)) -> 52 | F38: =(COUNTIF($C$4:$AA$33,$AI$36)) -> 46 | G38: =(COUNTIF($C$4:$AA$33,$AJ$36)) -> 41 | H38: =(COUNTIF($C$4:$AA$33,"S")) -> 18 | I38: =(COUNTIF($C$4:$AA$33,"P")) -> 30 | J38: =(COUNTIF($C$4:$AA$33,"N")) -> 4 | K38: =(COUNTIF($C$4:$AA$33,"C")) -> 15 | L38: =(COUNTIF($C$4:$AA$33,"SG")) -> 1
A39: Pondération (jour) | B39: =E39+F39+G39+H39+I39+K39+C39+J39+L39 -> 222.5 | C39: =COUNTIF($C$4:$AA$4,$AF$36)*$AB$4+COUNTIF($C$5:$AA$5,$AF$36)*$AB$5+COUNTIF($C$6:$AA$6,$AF$36)*$AB$6+COUNTIF($C$7:$AA$7,$AF$36)*$AB$7+COUNTIF($C$8:$AA$8,$AF$36)*$AB$8+COUNTIF($C$9:$AA$9,$AF$36)*$AB$9+COUNTIF($C$10:$AA$10,$AF$36)*$AB$10+COUNTIF($C$11:$AA$11,$AF$36)*$AB$11+COUNTIF($C$12:$AA$12,$AF$36)*$AB$12+COUNTIF($C$13:$AA$13,$AF$36)*$AB$13+COUNTIF($C$14:$AA$14,$AF$36)*$AB$14+COUNTIF($C$15:$AA$15,$AF$36)*$AB$15+COUNTIF($C$16:$AA$16,$AF$36)*$AB$16+COUNTIF($C$17:$AA$17,$AF$36)*$AB$17+COUNTIF($C$18:$AA$18,$AF$36)*$AB$18+COUNTIF($C$19:$AA$19,$AF$36)*$AB$19+COUNTIF($C$20:$AA$20,$AF$36)*$AB$20+COUNTIF($C$21:$AA$21,$AF$36)*$AB$21+COUNTIF($C$22:$AA$22,$AF$36)*$AB$22+COUNTIF($C$23:$AA$23,$AF$36)*$AB$23+COUNTIF($C$24:$AA$24,$AF$36)*$AB$24+COUNTIF($C$25:$AA$25,$AF$36)*$AB$25+COUNTIF($C$26:$AA$26,$AF$36)*$AB$26+COUNTIF($C$27:$AA$27,$AF$36)*$AB$27+COUNTIF($C$28:$AA$28,$AF$36)*$AB$28+COUNTIF($C$29:$AA$29,$AF$36)*$AB$29+COUNTIF($C$30:$AA$30,$AF$36)*$AB$30+COUNTIF($C$31:$AA$31,$AF$36)*$AB$31+COUNTIF($C$32:$AA$32,$AF$36)*$AB$32+COUNTIF($C$33:$AA$33,$AF$36)*$AB$33 -> 3 | D39: =4+4+4.25+7.125+3.25 -> 22.625 | E39: =COUNTIF($C$4:$AA$4,$AH$36)*$AB$4+COUNTIF($C$5:$AA$5,$AH$36)*$AB$5+COUNTIF($C$6:$AA$6,$AH$36)*$AB$6+COUNTIF($C$7:$AA$7,$AH$36)*$AB$7+COUNTIF($C$8:$AA$8,$AH$36)*$AB$8+COUNTIF($C$9:$AA$9,$AH$36)*$AB$9+COUNTIF($C$10:$AA$10,$AH$36)*$AB$10+COUNTIF($C$11:$AA$11,$AH$36)*$AB$11+COUNTIF($C$12:$AA$12,$AH$36)*$AB$12+COUNTIF($C$13:$AA$13,$AH$36)*$AB$13+COUNTIF($C$14:$AA$14,$AH$36)*$AB$14+COUNTIF($C$15:$AA$15,$AH$36)*$AB$15+COUNTIF($C$16:$AA$16,$AH$36)*$AB$16+COUNTIF($C$17:$AA$17,$AH$36)*$AB$17+COUNTIF($C$18:$AA$18,$AH$36)*$AB$18+COUNTIF($C$19:$AA$19,$AH$36)*$AB$19+COUNTIF($C$20:$AA$20,$AH$36)*$AB$20+COUNTIF($C$21:$AA$21,$AH$36)*$AB$21+COUNTIF($C$22:$AA$22,$AH$36)*$AB$22+COUNTIF($C$23:$AA$23,$AH$36)*$AB$23+COUNTIF($C$24:$AA$24,$AH$36)*$AB$24+COUNTIF($C$25:$AA$25,$AH$36)*$AB$25+COUNTIF($C$26:$AA$26,$AH$36)*$AB$26+COUNTIF($C$27:$AA$27,$AH$36)*$AB$27+COUNTIF($C$28:$AA$28,$AH$36)*$AB$28+COUNTIF($C$29:$AA$29,$AH$36)*$AB$29+COUNTIF($C$30:$AA$30,$AH$36)*$AB$30+COUNTIF($C$31:$AA$31,$AH$36)*$AB$31+COUNTIF($C$32:$AA$32,$AH$36)*$AB$32+COUNTIF($C$33:$AA$33,$AH$36)*$AB$33 -> 57.25 | F39: =COUNTIF($C$4:$AA$4,$AI$36)*$AB$4+COUNTIF($C$5:$AA$5,$AI$36)*$AB$5+COUNTIF($C$6:$AA$6,$AI$36)*$AB$6+COUNTIF($C$7:$AA$7,$AI$36)*$AB$7+COUNTIF($H$8:$AA$8,$AI$36)*$AB$8+COUNTIF($C$9:$AA$9,$AI$36)*$AB$9+COUNTIF($C$10:$AA$10,$AI$36)*0.5*$AB$10+COUNTIF($C$11:$AA$11,$AI$36)*$AB$11+COUNTIF($C$12:$AA$12,$AI$36)*$AB$12+COUNTIF($D$13:$AA$13,$AI$36)*$AB$13+COUNTIF($C$14:$AA$14,$AI$36)*$AB$14+COUNTIF($C$15:$AA$15,$AI$36)*$AB$15+COUNTIF($C$16:$AA$16,$AI$36)*$AB$16+COUNTIF($C$17:$AA$17,$AI$36)*$AB$17+COUNTIF($D$18:$AA$18,$AI$36)*$AB$18+COUNTIF($C$19:$AA$19,$AI$36)*$AB$19+COUNTIF($C$20:$AA$20,$AI$36)*$AB$20+COUNTIF($C$21:$AA$21,$AI$36)*$AB$21+COUNTIF($C$22:$AA$22,$AI$36)*$AB$22+COUNTIF($C$23:$AA$23,$AI$36)*$AB$23+COUNTIF($C$24:$AA$24,$AI$36)*$AB$24+COUNTIF($C$25:$AA$25,$AI$36)*$AB$25+COUNTIF($C$26:$AA$26,$AI$36)*$AB$26+COUNTIF($C$27:$AA$27,$AI$36)*$AB$27+COUNTIF($C$28:$AA$28,$AI$36)*$AB$28+COUNTIF($C$29:$AA$29,$AI$36)*$AB$29+COUNTIF($C$30:$AA$30,$AI$36)*$AB$30+COUNTIF($C$31:$AA$31,$AI$36)*$AB$31+COUNTIF($C$32:$AA$32,$AI$36)*$AB$32+COUNTIF($C$33:$AA$33,$AI$36)*$AB$33 -> 45 | G39: =COUNTIF($C$4:$AA$4,$AJ$36)*$AB$4+COUNTIF($C$5:$AA$5,$AJ$36)*$AB$5+COUNTIF($C$6:$AA$6,$AJ$36)*$AB$6+COUNTIF($C$7:$AA$7,$AJ$36)*$AB$7+COUNTIF($H$8:$AA$8,$AJ$36)*$AB$8+COUNTIF($C$9:$AA$9,$AJ$36)*$AB$9+COUNTIF($C$10:$AA$10,$AJ$36)*$AB$10+COUNTIF($C$11:$AA$11,$AJ$36)*$AB$11+COUNTIF($C$12:$AA$12,$AJ$36)*$AB$12+COUNTIF($D$13:$AA$13,$AJ$36)*$AB$13+COUNTIF($C$14:$AA$14,$AJ$36)*$AB$14+COUNTIF($C$15:$AA$15,$AJ$36)*$AB$15+COUNTIF($C$16:$AA$16,$AJ$36)*$AB$16+COUNTIF($C$17:$AA$17,$AJ$36)*$AB$17+COUNTIF($D$18:$AA$18,$AJ$36)*$AB$18+COUNTIF($C$19:$AA$19,$AJ$36)*$AB$19+COUNTIF($C$20:$AA$20,$AJ$36)*$AB$20+COUNTIF($C$21:$AA$21,$AJ$36)*$AB$21+COUNTIF($C$22:$AA$22,$AJ$36)*$AB$22+COUNTIF($C$23:$AA$23,$AJ$36)*$AB$23+COUNTIF($C$24:$AA$24,$AJ$36)*$AB$24+COUNTIF($C$25:$AA$25,$AJ$36)*$AB$25+COUNTIF($C$26:$AA$26,$AJ$36)*$AB$26+COUNTIF($C$27:$AA$27,$AJ$36)*$AB$27+COUNTIF($C$28:$AA$28,$AJ$36)*$AB$28+COUNTIF($C$29:$AA$29,$AJ$36)*$AB$29+COUNTIF($C$30:$AA$30,$AJ$36)*$AB$30+COUNTIF($C$31:$AA$31,$AJ$36)*$AB$31+COUNTIF($C$32:$AA$32,$AJ$36)*$AB$32+COUNTIF($C$33:$AA$33,$AJ$36)*$AB$33 -> 44 | H39: =COUNTIF($C$4:$AA$4,$AK$36)*$AB$4+COUNTIF($C$5:$AA$5,$AK$36)*$AB$5+COUNTIF($C$6:$AA$6,$AK$36)*$AB$6+COUNTIF($C$7:$AA$7,$AK$36)*$AB$7+COUNTIF($H$8:$AA$8,$AK$36)*$AB$8+COUNTIF($C$9:$AA$9,$AK$36)*$AB$9+COUNTIF($C$10:$AA$10,$AK$36)*$AB$10+COUNTIF($C$11:$AA$11,$AK$36)*$AB$11+COUNTIF($C$12:$AA$12,$AK$36)*$AB$12+COUNTIF($D$13:$AA$13,$AK$36)*$AB$13+COUNTIF($C$14:$AA$14,$AK$36)*$AB$14+COUNTIF($C$15:$AA$15,$AK$36)*$AB$15+COUNTIF($C$16:$AA$16,$AK$36)*$AB$16+COUNTIF($C$17:$AA$17,$AK$36)*$AB$17+COUNTIF($D$18:$AA$18,$AK$36)*$AB$18+COUNTIF($C$19:$AA$19,$AK$36)*$AB$19+COUNTIF($C$20:$AA$20,$AK$36)*$AB$20+COUNTIF($C$21:$AA$21,$AK$36)*$AB$21+COUNTIF($C$22:$AA$22,$AK$36)*$AB$22+COUNTIF($C$23:$AA$23,$AK$36)*$AB$23+COUNTIF($C$24:$AA$24,$AK$36)*$AB$24+COUNTIF($C$25:$AA$25,$AK$36)*$AB$25+COUNTIF($C$26:$AA$26,$AK$36)*$AB$26+COUNTIF($C$27:$AA$27,$AK$36)*$AB$27+COUNTIF($C$28:$AA$28,$AK$36)*$AB$28+COUNTIF($C$29:$AA$29,$AK$36)*$AB$29+COUNTIF($C$30:$AA$30,$AK$36)*$AB$30+COUNTIF($C$31:$AA$31,$AK$36)*$AB$31+COUNTIF($C$32:$AA$32,$AK$36)*$AB$32+COUNTIF($C$33:$AA$33,$AK$36)*$AB$33 -> 24.5 | I39: =COUNTIF($C$4:$AA$4,$AL$36)*$AB$4+COUNTIF($C$5:$AA$5,$AL$36)*$AB$5+COUNTIF($C$6:$AA$6,$AL$36)*$AB$6+COUNTIF($C$7:$AA$7,$AL$36)*$AB$7+COUNTIF($H$8:$AA$8,$AL$36)*$AB$8+COUNTIF($C$9:$AA$9,$AL$36)*$AB$9+COUNTIF($C$10:$AA$10,$AL$36)*$AB$10+COUNTIF($C$11:$AA$11,$AL$36)*$AB$11+COUNTIF($C$12:$AA$12,$AL$36)*$AB$12+COUNTIF($D$13:$AA$13,$AL$36)*$AB$13+COUNTIF($C$14:$AA$14,$AL$36)*$AB$14+COUNTIF($C$15:$AA$15,$AL$36)*$AB$15+COUNTIF($C$16:$AA$16,$AL$36)*$AB$16+COUNTIF($C$17:$AA$17,$AL$36)*$AB$17+COUNTIF($D$18:$AA$18,$AL$36)*$AB$18+COUNTIF($C$19:$AA$19,$AL$36)*$AB$19+COUNTIF($C$20:$AA$20,$AL$36)*$AB$20+COUNTIF($C$21:$AA$21,$AL$36)*$AB$21+COUNTIF($C$22:$AA$22,$AL$36)*$AB$22+COUNTIF($C$23:$AA$23,$AL$36)*$AB$23+COUNTIF($C$24:$AA$24,$AL$36)*$AB$24+COUNTIF($C$25:$AA$25,$AL$36)*$AB$25+COUNTIF($C$26:$AA$26,$AL$36)*$AB$26+COUNTIF($C$27:$AA$27,$AL$36)*$AB$27+COUNTIF($C$28:$AA$28,$AL$36)*$AB$28+COUNTIF($C$29:$AA$29,$AL$36)*$AB$29+COUNTIF($C$30:$AA$30,$AL$36)*$AB$30+COUNTIF($C$31:$AA$31,$AL$36)*$AB$31+COUNTIF($C$32:$AA$32,$AL$36)*$AB$32+COUNTIF($C$33:$AA$33,$AL$36)*$AB$33 -> 28.25 | J39: =COUNTIF($C$4:$AA$4,$AM$36)*$AB$4+COUNTIF($C$5:$AA$5,$AM$36)*$AB$5+COUNTIF($C$6:$AA$6,$AM$36)*$AB$6+COUNTIF($C$7:$AA$7,$AM$36)*$AB$7+COUNTIF($H$8:$AA$8,$AM$36)*$AB$8+COUNTIF($C$9:$AA$9,$AM$36)*$AB$9+COUNTIF($C$10:$AA$10,$AM$36)*$AB$10+COUNTIF($C$11:$AA$11,$AM$36)*$AB$11+COUNTIF($C$12:$AA$12,$AM$36)*$AB$12+COUNTIF($D$13:$AA$13,$AM$36)*$AB$13+COUNTIF($C$14:$AA$14,$AM$36)*$AB$14+COUNTIF($C$15:$AA$15,$AM$36)*$AB$15+COUNTIF($C$16:$AA$16,$AM$36)*$AB$16+COUNTIF($C$17:$AA$17,$AM$36)*$AB$17+COUNTIF($D$18:$AA$18,$AM$36)*$AB$18+COUNTIF($C$19:$AA$19,$AM$36)*$AB$19+COUNTIF($C$20:$AA$20,$AM$36)*$AB$20+COUNTIF($C$21:$AA$21,$AM$36)*$AB$21+COUNTIF($C$22:$AA$22,$AM$36)*$AB$22+COUNTIF($C$23:$AA$23,$AM$36)*$AB$23+COUNTIF($C$24:$AA$24,$AM$36)*$AB$24+COUNTIF($C$25:$AA$25,$AM$36)*$AB$25+COUNTIF($C$26:$AA$26,$AM$36)*$AB$26+COUNTIF($C$27:$AA$27,$AM$36)*$AB$27+COUNTIF($C$28:$AA$28,$AM$36)*$AB$28+COUNTIF($C$29:$AA$29,$AM$36)*$AB$29+COUNTIF($C$30:$AA$30,$AM$36)*$AB$30+COUNTIF($C$31:$AA$31,$AM$36)*$AB$31+COUNTIF($C$32:$AA$32,$AM$36)*$AB$32+COUNTIF($C$33:$AA$33,$AM$36)*$AB$33 -> 5 | K39: =COUNTIF($C$4:$AA$4,$AN$36)*$AB$4+COUNTIF($C$5:$AA$5,$AN$36)*$AB$5+COUNTIF($C$6:$AA$6,$AN$36)*$AB$6+COUNTIF($C$7:$AA$7,$AN$36)*$AB$7+COUNTIF($H$8:$AA$8,$AN$36)*$AB$8+COUNTIF($C$9:$AA$9,$AN$36)*$AB$9+COUNTIF($C$10:$AA$10,$AN$36)*$AB$10+COUNTIF($C$11:$AA$11,$AN$36)*$AB$11+COUNTIF($C$12:$AA$12,$AN$36)*$AB$12+COUNTIF($D$13:$AA$13,$AN$36)*$AB$13+COUNTIF($C$14:$AA$14,$AN$36)*$AB$14+COUNTIF($C$15:$AA$15,$AN$36)*$AB$15+COUNTIF($C$16:$AA$16,$AN$36)*$AB$16+COUNTIF($C$17:$AA$17,$AN$36)*$AB$17+COUNTIF($D$18:$AA$18,$AN$36)*$AB$18+COUNTIF($C$19:$AA$19,$AN$36)*$AB$19+COUNTIF($C$20:$AA$20,$AN$36)*$AB$20+COUNTIF($C$21:$AA$21,$AN$36)*$AB$21+COUNTIF($C$22:$AA$22,$AN$36)*$AB$22+COUNTIF($C$23:$AA$23,$AN$36)*$AB$23+COUNTIF($C$24:$AA$24,$AN$36)*$AB$24+COUNTIF($C$25:$AA$25,$AN$36)*$AB$25+COUNTIF($C$26:$AA$26,$AN$36)*$AB$26+COUNTIF($C$27:$AA$27,$AN$36)*$AB$27+COUNTIF($C$28:$AA$28,$AN$36)*$AB$28+COUNTIF($C$29:$AA$29,$AN$36)*$AB$29+COUNTIF($C$30:$AA$30,$AN$36)*$AB$30+COUNTIF($C$31:$AA$31,$AN$36)*$AB$31+COUNTIF($C$32:$AA$32,$AN$36)*$AB$32+COUNTIF($C$33:$AA$33,$AN$36)*$AB$33 -> 14.25 | L39: =L38*1.25 -> 1.25
A40: Charge aud./mag. | E40: =E38/E34 -> 6.5 | F40: =F38/F34 -> 7.3015873 | G40: =G38/G34 -> 6.8333333 | H40: =H38/H34 -> 4.5 | I40: =I38/I34 -> 7.5 | J40: =J38/J34 -> 2 | K40: =K38/K34 -> 7.5 | L40: =L38/L34 -> 1
A41: Ch. aud. pond./mag. | B41: =(B39-D39)/B35 -> 6.0568182 | C41: =C39/C35 -> 3 | E41: =(E39-4)/E35 -> 6.65625 | F41: =(F39-2.75)/F34 -> 6.7063492 | G41: =(G39-4)/G35 -> 6.6666667 | H41: =(H39-7.125)/H35 -> 4.34375 | I41: =(I39-3.25)/I35 -> 6.25 | J41: =J39/J35 -> 2.5 | K41: =(K39-1.25)/K35 -> 6.5 | L41: =L39/L35 -> 1.25
A42: 1/2 jour perm. de semaine | B42: =E42+F42+G42+H42+I42+K42 -> 400 | E42: =25*2*2 -> 100 | F42: =25*2*2 -> 100 | G42: =25*2 -> 50 | H42: =25*2 -> 50 | I42: =25*2 -> 50 | K42: =25*2 -> 50
A43: 1/2 journée perm/mag. | B43: =(B42-9)/B34 -> 10.025641 | C43: =C42/C34 -> 0 | E43: =E42/E34 -> 12.5 | F43: =F42/F34 -> 15.873016 | G43: =G42/G34 -> 8.3333333 | H43: =H42/H34 -> 12.5 | I43: =I42/I34 -> 12.5 | J43: =J42/J34 -> 0 | K43: =K42/K34 -> 25 | L43: =L42/L34 -> 0
A44: total 1/2 journées cabinet | B44: =B36-B39-B42 -> 177.5 | E44: =E36-E39-E42 -> 42.75 | F44: =F36-F39-F42 -> 12.5 | G44: =G36-G39-G42 -> 56 | H44: =H36-H39-H42 -> 25.5 | I44: =I36-I39-I42 -> 21.75 | J44: =J36-J39-J42 -> 45 | K44: =K36-K39-K42 -> -14.25 | L44: =L36-L39-L42 -> 23.75
A45: 1/2 cab/magistrat | B45: =B44/33 -> 5.3787879 | E45: =E44/E34 -> 5.34375 | F45: =F44/F34 -> 1.984127 | G45: =G44/G34 -> 9.3333333 | H45: =H44/H34 -> 6.375 | I45: =I44/I34 -> 5.4375 | J45: =J44/J34 -> 22.5 | K45: =K44/K34 -> -7.125 | L45: =L44/L34 -> 23.75
A46: Jours de cab/mois/mag. | B46: =B45/2 -> 2.6893939 | E46: =E45/2 -> 2.671875 | F46: =F45/2 -> 0.99206349 | G46: =G45/2 -> 4.6666667 | H46: =H45/2 -> 3.1875 | I46: =I45/2 -> 2.71875 | K46: =K45/2 -> -3.5625

Sheet Actuel
B1: Tableau de répartition des audiences entre les divisions du parquet (mars 2024) | AG1: PR | AH1: PRA | AI1: PAP | AJ1: PMF | AK1: V | AL1: DEF | AM1: COFAC | AN1: J | AO1: EP | AP1: PCC | AQ1: Civil | AR1: SG
E2: LUNDI | J2: MARDI | O2: MERCREDI | T2: JEUDI | Y2: VENDREDI | AB2: Pond. | AF2: Parquet | AG2: PR | AH2: PRA | AI2: A | AJ2: M | AK2: V. Deneux | AL2: E | AM2: S | AN2: JPO | AO2: P | AP2: N | AQ2: C | AR2: SG
C3: 1 | D3: 2 | E3: 3 | F3: 4 | G3: 5 | H3: 1 | I3: 2 | J3: 3 | K3: 4 | L3: 5 | M3: 1 | N3: 2 | O3: 3 | P3: 4 | Q3: 5 | R3: 1 | S3: 2 | T3: 3 | U3: 4 | V3: 5 | W3: 1 | X3: 2 | Y3: 3 | Z3: 4 | AA3: 5 | AE3: ETPT mag. Parquet | AF3: 39 | AG3: 1 | AH3: 5 | AI3: 8 | AJ3: 7 | AK3: 1 | AL3: 6 | AM3: 4 | AN3: 1 | AO3: 4 | AP3: 2 | AQ3: 2 | AR3: 1
A4: 9h | B4: 11 JU | C4: A | D4: A | F4: A | G4: A | H4: A | I4: A | J4: A | K4: A | L4: A | AB4: =1 -> 1 | AE4: ETPT de perm/audiences | AF4: 33 | AG4: 1 | AI4: 8 | AJ4: 7 | AK4: =(COUNTIF($C$4:$AA$33,$AJ$23)) -> 0 | AL4: 6 | AM4: 4 | AN4: 1 | AO4: 4 | AP4: 2 | AQ4: 2 | AR4: 1
A5: 9h | B5: 12 JU | W5: A | Y5: A | Z5: A | AA5: A | AB5: 1 | AE5: total 1/2 journées (hors Hier.) | AF5: =(AF3-7)*25 -> 800 | AG5: =AG3*25 -> 25 | AH5: =AH3*25 -> 125 | AI5: =AI3*25 -> 200 | AJ5: =AJ3*25 -> 175 | AK5: =(COUNTIF($C$22:$AA$33,AK1))+(COUNTIF($C$13:$AA$13,AK1))+(COUNTIF($C$4:$AA$11,AK1)) -> 0 | AL5: =AL3*25 -> 150 | AM5: =AM3*25 -> 100 | AO5: =AO3*25 -> 100 | AP5: =AP3*25 -> 50 | AQ5: =AQ3*25 -> 50 | AR5: =AR3*25 -> 25
A6: 9h | B6: 13 JU | C6: M | D6: M | E6: M | F6: M | G6: M | AB6: 1
A7: 9h | B7: 17 JU | M7: A | N7: A | O7: A | P7: A | Q7: A | W7: E | X7: A | Y7: E | Z7: C | AA7: M | AB7: 1 | AE7: 1/2 j d'audiences (Tcorr, TPE, Tpol, Tcom.) | AF7: =SUM(AG7:AR7) -> 207 | AG7: =(COUNTIF($C$4:$AA$33,$AG$2)) -> 4 | AI7: =(COUNTIF($C$4:$AA$35,$AI$2)) -> 48 | AJ7: =(COUNTIF($C$4:$AA$35,$AJ$2))-0.5 -> 46.5 | AK7: 2 | AL7: =(COUNTIF($C$4:$AA$35,$AL$2)) -> 42 | AM7: =(COUNTIF($C$4:$AA$35,$AM$2))-0.5 -> 16.5 | AN7: 1 | AO7: =(COUNTIF($C$4:$AA$35,$AO$2)) -> 29 | AP7: =(COUNTIF($C$4:$AA$35,$AP$2)) -> 4 | AQ7: =(COUNTIF($C$4:$AA$35,$AQ$2)) -> 13 | AR7: =(COUNTIF($C$4:$AA$35,"SG")) -> 1
A8: 9h | B8: 18 JU | H8: A | I8: A | J8: A | K8: A | L8: A | AB8: 1 | AE8: Pondération (jour) | AF8: =AI8+AJ8+AL8+AM8+AO8+AQ8+AG8+AP8+AR8 -> 217 | AG8: =COUNTIF($C$4:$AA$4,$AG$2)*$AB$4+COUNTIF($C$5:$AA$5,$AG$2)*$AB$5+COUNTIF($C$6:$AA$6,$AG$2)*$AB$6+COUNTIF($C$7:$AA$7,$AG$2)*$AB$7+COUNTIF($C$8:$AA$8,$AG$2)*$AB$8+COUNTIF($C$9:$AA$9,$AG$2)*$AB$9+COUNTIF($C$10:$AA$10,$AG$2)*$AB$10+COUNTIF($C$11:$AA$11,$AG$2)*$AB$11+COUNTIF($C$12:$AA$12,$AG$2)*$AB$12+COUNTIF($C$13:$AA$13,$AG$2)*$AB$13+COUNTIF($C$14:$AA$14,$AG$2)*$AB$14+COUNTIF($C$15:$AA$15,$AG$2)*$AB$15+COUNTIF($C$16:$AA$16,$AG$2)*$AB$16+COUNTIF($C$17:$AA$17,$AG$2)*$AB$17+COUNTIF($C$18:$AA$18,$AG$2)*$AB$18+COUNTIF($C$19:$AA$19,$AG$2)*$AB$19+COUNTIF($C$20:$AA$20,$AG$2)*$AB$20+COUNTIF($C$21:$AA$21,$AG$2)*$AB$21+COUNTIF($C$22:$AA$22,$AG$2)*$AB$22+COUNTIF($C$23:$AA$23,$AG$2)*$AB$23+COUNTIF($C$24:$AA$24,$AG$2)*$AB$24+COUNTIF($C$25:$AA$25,$AG$2)*$AB$25+COUNTIF($C$26:$AA$26,$AG$2)*$AB$26+COUNTIF($C$27:$AA$27,$AG$2)*$AB$27+COUNTIF($C$28:$AA$28,$AG$2)*$AB$28+COUNTIF($C$29:$AA$29,$AG$2)*$AB$29+COUNTIF($C$30:$AA$30,$AG$2)*$AB$30+COUNTIF($C$31:$AA$31,$AG$2)*$AB$31+COUNTIF($C$32:$AA$32,$AG$2)*$AB$32+COUNTIF($C$33:$AA$33,$AG$2)*$AB$33+COUNTIF($C$34:$AA$34,$AG$2)*$AB$34 -> 2 | AH8: =4+4+4.25+7.125+3.25 -> 22.625 | AI8: =COUNTIF($C$4:$AA$4,$AI$2)*$AB$4+COUNTIF($C$5:$AA$5,$AI$2)*$AB$5+COUNTIF($C$6:$AA$6,$AI$2)*$AB$6+COUNTIF($C$7:$AA$7,$AI$2)*$AB$7+COUNTIF($C$8:$AA$8,$AI$2)*$AB$8+COUNTIF($C$9:$AA$9,$AI$2)*$AB$9+COUNTIF($C$10:$AA$10,$AI$2)*$AB$10+COUNTIF($C$11:$AA$11,$AI$2)*$AB$11+COUNTIF($C$12:$AA$12,$AI$2)*$AB$12+COUNTIF($C$13:$AA$13,$AI$2)*$AB$13+COUNTIF($C$14:$AA$14,$AI$2)*$AB$14+COUNTIF($C$15:$AA$15,$AI$2)*$AB$15+COUNTIF($C$16:$AA$16,$AI$2)*$AB$16+COUNTIF($C$17:$AA$17,$AI$2)*$AB$17+COUNTIF($C$18:$AA$18,$AI$2)*$AB$18+COUNTIF($C$19:$AA$19,$AI$2)*$AB$19+COUNTIF($C$20:$AA$20,$AI$2)*$AB$20+COUNTIF($C$21:$AA$21,$AI$2)*$AB$21+COUNTIF($C$22:$AA$22,$AI$2)*$AB$22+COUNTIF($C$23:$AA$23,$AI$2)*$AB$23+COUNTIF($C$24:$AA$24,$AI$2)*$AB$24+COUNTIF($C$25:$AA$25,$AI$2)*$AB$25+COUNTIF($C$26:$AA$26,$AI$2)*$AB$26+COUNTIF($C$27:$AA$27,$AI$2)*$AB$27+COUNTIF($C$28:$AA$28,$AI$2)*$AB$28+COUNTIF($C$29:$AA$29,$AI$2)*$AB$29+COUNTIF($C$30:$AA$30,$AI$2)*$AB$30+COUNTIF($C$31:$AA$31,$AI$2)*$AB$31+COUNTIF($C$32:$AA$32,$AI$2)*$AB$32+COUNTIF($C$33:$AA$33,$AI$2)*$AB$33+COUNTIF($C$34:$AA$34,$AI$2)*$AB$34 -> 52.5 | AJ8: =COUNTIF($C$4:$AA$4,AJ2)*$AB$4+COUNTIF($C$5:$AA$5,$AJ$2)*$AB$5+COUNTIF($C$6:$AA$6,$AJ$2)*$AB$6+COUNTIF($C$7:$AA$7,$AJ$2)*$AB$7+COUNTIF($C$8:$AA$8,$AJ$2)*$AB$8++COUNTIF($C$9:$AA$9,$AJ$2)*$AB$9+COUNTIF($C$10:$AA$10,$AJ$2)*$AB$10+COUNTIF($C$11:$AA$11,$AJ$2)*$AB$11+COUNTIF($C$12:$AA$12,$AJ$2)*$AB$12-0.25+COUNTIF($C$13:$AA$13,$AJ$2)*$AB$13+COUNTIF($C$14:$AA$14,$AJ$2)*$AB$14+COUNTIF($C$15:$AA$15,$AJ$2)*$AB$15+COUNTIF($C$16:$AA$16,$AJ$2)*$AB$16+COUNTIF($C$17:$AA$17,$AJ$2)*$AB$17+COUNTIF($C$18:$AA$18,$AJ$2)*$AB$18+COUNTIF($C$19:$AA$19,$AJ$2)*$AB$19+COUNTIF($C$20:$AA$20,$AJ$2)*$AB$20+COUNTIF($C$21:$AA$21,$AJ$2)*$AB$21+COUNTIF($C$22:$AA$22,$AJ$2)*$AB$22+COUNTIF($C$23:$AA$23,$AJ$2)*$AB$23+COUNTIF($C$24:$AA$24,$AJ$2)*$AB$24+COUNTIF($C$25:$AA$25,$AJ$2)*$AB$25+COUNTIF($C$26:$AA$26,$AJ$2)*$AB$26+COUNTIF($C$27:$AA$27,$AJ$2)*$AB$27+COUNTIF($C$28:$AA$28,$AJ$2)*$AB$28+COUNTIF($C$29:$AA$29,$AJ$2)*$AB$29+COUNTIF($C$30:$AA$30,$AJ$2)*$AB$30+COUNTIF($C$31:$AA$31,$AJ$2)*$AB$31+COUNTIF($C$32:$AA$32,$AJ$2)*$AB$32+COUNTIF($C$33:$AA$33,$AJ$2)*$AB$33+COUNTIF($C$34:$AA$34,$AJ$2)*$AB$34 -> 49 | AK8: =1.25+1.5 -> 2.75 | AL8: =COUNTIF($C$4:$AA$4,$AL$2)*$AB$4+COUNTIF($C$5:$AA$5,$AL$2)*$AB$5+COUNTIF($C$6:$AA$6,$AL$2)*$AB$6+COUNTIF($C$7:$AA$7,$AL$2)*$AB$7+COUNTIF($C$8:$AA$8,$AL$2)*$AB$8+COUNTIF($C$9:$AA$9,$AL$2)*$AB$9+COUNTIF($C$10:$AA$10,$AL$2)*$AB$10+COUNTIF($C$11:$AA$11,$AL$2)*$AB$11+COUNTIF($C$12:$AA$12,$AL$2)*$AB$12+COUNTIF($C$13:$AA$13,$AL$2)*$AB$13+COUNTIF($C$14:$AA$14,$AL$2)*$AB$14+COUNTIF($C$15:$AA$15,$AL$2)*$AB$15+COUNTIF($C$16:$AA$16,$AL$2)*$AB$16+COUNTIF($C$17:$AA$17,$AL$2)*$AB$17+COUNTIF($C$18:$AA$18,$AL$2)*$AB$18+COUNTIF($C$19:$AA$19,$AL$2)*$AB$19+COUNTIF($C$20:$AA$20,$AL$2)*$AB$20+COUNTIF($C$21:$AA$21,$AL$2)*$AB$21+COUNTIF($C$22:$AA$22,$AL$2)*$AB$22+COUNTIF($C$23:$AA$23,$AL$2)*$AB$23+COUNTIF($C$24:$AA$24,$AL$2)*$AB$24+COUNTIF($C$25:$AA$25,$AL$2)*$AB$25+COUNTIF($C$26:$AA$26,$AL$2)*$AB$26+COUNTIF($C$27:$AA$27,$AL$2)*$AB$27+COUNTIF($C$28:$AA$28,$AL$2)*$AB$28+COUNTIF($C$29:$AA$29,$AL$2)*$AB$29+COUNTIF($C$30:$AA$30,$AL$2)*$AB$96+COUNTIF($C$31:$AA$31,$AL$2)*$AB$31+COUNTIF($C$32:$AA$32,$AL$2)*$AB$32+COUNTIF($C$33:$AA$33,$AL$2)*$AB$33+COUNTIF($C$34:$AA$34,$AL$2)*$AB$34 -> 46 | AM8: =COUNTIF($C$4:$AA$4,$AM$2)*$AB$4+COUNTIF($C$5:$AA$5,$AM$2)*$AB$5+COUNTIF($C$6:$AA$6,$AM$2)*$AB$6+COUNTIF($C$7:$AA$7,$AM$2)*$AB$7+COUNTIF($C$8:$AA$8,$AM$2)*$AB$8+COUNTIF($C$9:$AA$9,$AM$2)*$AB$9+COUNTIF($C$10:$AA$10,$AM$2)*$AB$10+COUNTIF($C$11:$AA$11,$AM$2)*$AB$11+COUNTIF($C$12:$AA$12,$AM$2)*$AB$12-0.25+COUNTIF($C$13:$AA$13,$AM$2)*$AB$13+COUNTIF($C$14:$AA$14,$AM$2)*$AB$14+COUNTIF($C$15:$AA$15,$AM$2)*$AB$15+COUNTIF($C$16:$AA$16,$AM$2)*$AB$16+COUNTIF($C$17:$AA$17,$AM$2)*$AB$17+COUNTIF($C$18:$AA$18,$AM$2)*$AB$18+COUNTIF($C$19:$AA$19,$AM$2)*$AB$19+COUNTIF($C$20:$AA$20,$AM$2)*$AB$20+COUNTIF($C$21:$AA$21,$AM$2)*$AB$21+COUNTIF($C$22:$AA$22,$AM$2)*$AB$22+COUNTIF($C$23:$AA$23,$AM$2)*$AB$23+COUNTIF($C$24:$AA$24,$AM$2)*$AB$24+COUNTIF($C$25:$AA$25,$AM$2)*$AB$25+COUNTIF($C$26:$AA$26,$AM$2)*$AB$26+COUNTIF($C$27:$AA$27,$AM$2)*$AB$27+COUNTIF($C$28:$AA$28,$AM$2)*$AB$28+COUNTIF($C$29:$AA$29,$AM$2)*$AB$29+COUNTIF($C$30:$AA$30,$AM$2)*$AB$30+COUNTIF($C$31:$AA$31,$AM$2)*$AB$31+COUNTIF($C$32:$AA$32,$AM$2)*$AB$32+COUNTIF($C$33:$AA$33,$AM$2)*$AB$33+COUNTIF($C$34:$AA$34,$AM$2)*$AB$34 -> 22 | AN8: 1.5 | AO8: =COUNTIF($C$4:$AA$4,$AO$2)*$AB$4+COUNTIF($C$5:$AA$5,$AO$2)*$AB$5+COUNTIF($C$6:$AA$6,$AO$2)*$AB$6+COUNTIF($C$7:$AA$7,$AO$2)*$AB$7+COUNTIF($C$8:$AA$8,$AO$2)*$AB$8+COUNTIF($C$9:$AA$9,$AO$2)*$AB$9+COUNTIF($C$10:$AA$10,$AO$2)*$AB$10+COUNTIF($C$11:$AA$11,$AO$2)*$AB$11+COUNTIF($C$12:$AA$12,$AO$2)*$AB$12+COUNTIF($C$13:$AA$13,$AO$2)*$AB$13+COUNTIF($C$14:$AA$14,$AO$2)*$AB$14+COUNTIF($C$15:$AA$15,$AO$2)*$AB$15+COUNTIF($C$16:$AA$16,$AO$2)*$AB$16+COUNTIF($C$17:$AA$17,$AO$2)*$AB$17+COUNTIF($C$18:$AA$18,$AO$2)*$AB$18+COUNTIF($C$19:$AA$19,$AO$2)*$AB$19+COUNTIF($C$20:$AA$20,$AO$2)*$AB$20+COUNTIF($C$21:$AA$21,$AO$2)*$AB$21+COUNTIF($C$22:$AA$22,$AO$2)*$AB$22+COUNTIF($C$23:$AA$23,$AO$2)*$AB$23+COUNTIF($C$24:$AA$24,$AO$2)*$AB$24+COUNTIF($C$25:$AA$25,$AO$2)*$AB$25+COUNTIF($C$26:$AA$26,$AO$2)*$AB$26+COUNTIF($C$27:$AA$27,$AO$2)*$AB$27+COUNTIF($C$28:$AA$28,$AO$2)*$AB$28+COUNTIF($C$29:$AA$29,$AO$2)*$AB$29+COUNTIF($C$30:$AA$30,$AO$2)*$AB$30+COUNTIF($C$31:$AA$31,$AO$2)*$AB$31+COUNTIF($C$32:$AA$32,$AO$2)*$AB$32+COUNTIF($C$33:$AA$33,$AO$2)*$AB$33+COUNTIF($C$34:$AA$34,$AO$2)*$AB$34 -> 27.25 | AP8: =COUNTIF($C$4:$AA$4,$AP$2)*$AB$4+COUNTIF($C$5:$AA$5,$AP$2)*$AB$5+COUNTIF($C$6:$AA$6,$AP$2)*$AB$6+COUNTIF($C$7:$AA$7,$AP$2)*$AB$7+COUNTIF($C$8:$AA$8,$AP$2)*$AB$8+COUNTIF($C$9:$AA$9,$AP$2)*$AB$9+COUNTIF($C$10:$AA$10,$AP$2)*$AB$10+COUNTIF($C$11:$AA$11,$AP$2)*$AB$11+COUNTIF($C$12:$AA$12,$AP$2)*$AB$12+COUNTIF($C$13:$AA$13,$AP$2)*$AB$13+COUNTIF($C$14:$AA$14,$AP$2)*$AB$14+COUNTIF($C$15:$AA$15,$AP$2)*$AB$15+COUNTIF($C$16:$AA$16,$AP$2)*$AB$16+COUNTIF($C$17:$AA$17,$AP$2)*$AB$17+COUNTIF($C$18:$AA$18,$AP$2)*$AB$18+COUNTIF($C$19:$AA$19,$AP$2)*$AB$19+COUNTIF($C$20:$AA$20,$AP$2)*$AB$20+COUNTIF($C$21:$AA$21,$AP$2)*$AB$21+COUNTIF($C$22:$AA$22,$AP$2)*$AB$22+COUNTIF($C$23:$AA$23,$AP$2)*$AB$23+COUNTIF($C$24:$AA$24,$AP$2)*$AB$24+COUNTIF($C$25:$AA$25,$AP$2)*$AB$25+COUNTIF($C$26:$AA$26,$AP$2)*$AB$26+COUNTIF($C$27:$AA$27,$AP$2)*$AB$27+COUNTIF($C$28:$AA$28,$AP$2)*$AB$28+COUNTIF($C$29:$AA$29,$AP$2)*$AB$29+COUNTIF($C$30:$AA$30,$AP$2)*$AB$30+COUNTIF($C$31:$AA$31,$AP$2)*$AB$31+COUNTIF($C$32:$AA$32,$AP$2)*$AB$32+COUNTIF($C$33:$AA$33,$AP$2)*$AB$33+COUNTIF($C$34:$AA$34,$AP$2)*$AB$34 -> 5 | AQ8: =COUNTIF($C$4:$AA$4,$AQ$2)*$AB$4+COUNTIF($C$5:$AA$5,$AQ$2)*$AB$5+COUNTIF($C$6:$AA$6,$AQ$2)*$AB$6+COUNTIF($C$7:$AA$7,$AQ$2)*$AB$7+COUNTIF($C$8:$AA$8,$AQ$2)*$AB$8+COUNTIF($C$9:$AA$9,$AQ$2)*$AB$9+COUNTIF($C$10:$AA$10,$AQ$2)*$AB$10+COUNTIF($C$11:$AA$11,$AQ$2)*$AB$11+COUNTIF($C$12:$AA$12,$AQ$2)*$AB$12+COUNTIF($C$13:$AA$13,$AQ$2)*$AB$13+COUNTIF($C$14:$AA$14,$AQ$2)*$AB$14+COUNTIF($C$15:$AA$15,$AQ$2)*$AB$15+COUNTIF($C$16:$AA$16,$AQ$2)*$AB$16+COUNTIF($C$17:$AA$17,$AQ$2)*$AB$17+COUNTIF($C$18:$AA$18,$AQ$2)*$AB$18+COUNTIF($C$19:$AA$19,$AQ$2)*$AB$19+COUNTIF($C$20:$AA$20,$AQ$2)*$AB$20+COUNTIF($C$21:$AA$21,$AQ$2)*$AB$21+COUNTIF($C$22:$AA$22,$AQ$2)*$AB$22+COUNTIF($C$23:$AA$23,$AQ$2)*$AB$23+COUNTIF($C$24:$AA$24,$AQ$2)*$AB$24+COUNTIF($C$25:$AA$25,$AQ$2)*$AB$25+COUNTIF($C$26:$AA$26,$AQ$2)*$AB$26+COUNTIF($C$27:$AA$27,$AQ$2)*$AB$27+COUNTIF($C$28:$AA$28,$AQ$2)*$AB$28+COUNTIF($C$29:$AA$29,$AQ$2)*$AB$29+COUNTIF($C$30:$AA$30,$AQ$2)*$AB$30+COUNTIF($C$31:$AA$31,$AQ$2)*$AB$31+COUNTIF($C$32:$AA$32,$AQ$2)*$AB$32+COUNTIF($C$33:$AA$33,$AQ$2)*$AB$33+COUNTIF($C$34:$AA$34,$AQ$2)*$AB$34 -> 12 | AR8: =AR7*1.25 -> 1.25
A9: 9h | B9: 20 JU | M9: S | N9: A | O9: S | P9: S | Q9: S | AB9: 1 | AE9: Charge aud./mag. | AI9: =AI7/AI3 -> 6 | AJ9: =AJ7/AJ3 -> 6.6428571 | AL9: =AL7/AL3 -> 7 | AM9: =AM7/AM3 -> 4.125 | AO9: =AO7/AO3 -> 7.25 | AP9: =AP7/AP3 -> 2 | AQ9: =AQ7/AQ3 -> 6.5 | AR9: =AR7/AR3 -> 1
A10: 9h | B10: 20 Coll | E10: M | AB10: 1.5 | AE10: Ch. aud. pond./mag. | AF10: =(AF8-AH8)/AF4 -> 5.8901515 | AG10: =AG8/AG4 -> 2 | AI10: =(AI8-4)/AI4 -> 6.0625 | AJ10: =(AJ8-1.75)/AJ4 -> 6.75 | AK10: =(AK8)/AK3 -> 2.75 | AL10: =(AL8-4)/AL4 -> 7 | AM10: =(AM8-7.125)/AM4 -> 3.71875 | AN10: =(AN8)/AN4 -> 1.5 | AO10: =(AO8-3.25)/AO4 -> 6 | AP10: =AP8/AP4 -> 2.5 | AQ10: =(AQ8)/AQ4 -> 6 | AR10: =AR8/AR4 -> 1.25
A11: 9h | B11: 21 Coll | AB11: 1.5 | AE11: 1/2 jour perm. de semaine | AF11: =AI11+AJ11+AL11+AM11+AO11+AQ11 -> 400 | AI11: =25*2*2 -> 100 | AJ11: =25*2*2 -> 100 | AK11: 1 | AL11: =25*2 -> 50 | AM11: =25*2 -> 50 | AO11: =25*2 -> 50 | AQ11: =25*2 -> 50
A12: 9h | B12: CRPC | M12: PR | N12: E | O12: PR | P12: PR | Q12: PR | R12: A | S12: M | T12: A | U12: S | AB12: 0.5 | AE12: 1/2 journée perm/mag. | AF12: =(AF11-9)/AF3 -> 10.025641 | AG12: =AG11/AG3 -> 0 | AI12: =AI11/AI3 -> 12.5 | AJ12: =AJ11/AJ3 -> 14.285714 | AK12: =AK3*25 -> 25 | AL12: =AL11/AL3 -> 8.3333333 | AM12: =AM11/AM3 -> 12.5 | AO12: =AO11/AO3 -> 12.5 | AP12: =AP11/AP3 -> 0 | AQ12: =AQ11/AQ3 -> 25 | AR12: =AR11/AR3 -> 0
A13: 9h | B13: TPE | D13: M | F13: M | H13: M | I13: M | J13: M | K13: M | L13: M | M13: M | N13: M | O13: M | P13: M | Q13: M | R13: M | S13: M | T13: M | U13: M | V13: M | AB13: 1 | AE13: total 1/2 journées cabinet | AF13: =AF5-AF8-AF11 -> 183 | AI13: =AI5-AI8-AI11 -> 47.5 | AJ13: =AJ5-AJ8-AJ11 -> 26 | AL13: =AL5-AL8-AL11 -> 54 | AM13: =AM5-AM8-AM11 -> 28 | AO13: =AO5-AO8-AO11 -> 22.75 | AP13: =AP5-AP8-AP11 -> 45 | AQ13: =AQ5-AQ8-AQ11 -> -12 | AR13: =AR5-AR8-AR11 -> 23.75
A14: 13h30 | B14: 12 Coll | N14: S | R14: S | S14: S | T14: S | U14: S | V14: S | W14: S | X14: S | Y14: S | Z14: S | AA14: S | AB14: 1.5 | AE14: 1/2 cab/magistrat | AF14: =AF13/33 -> 5.5454545 | AI14: =AI13/AI3 -> 5.9375 | AJ14: =AJ13/AJ3 -> 3.7142857 | AL14: =AL13/AL3 -> 9 | AM14: =AM13/AM3 -> 7 | AO14: =AO13/AO3 -> 5.6875 | AP14: =AP13/AP3 -> 22.5 | AQ14: =AQ13/AQ3 -> -6 | AR14: =AR13/AR3 -> 23.75
A15: 13h30 | B15: 14 Coll | H15: J | I15: E | J15: E | K15: E | L15: E | N15: E | P15: E | AB15: 1.5 | AE15: Jours de cab/mois/mag. | AF15: =AF14/2 -> 2.7727273 | AI15: =AI14/2 -> 2.96875 | AJ15: =AJ14/2 -> 1.8571429 | AL15: =AL14/2 -> 4.5 | AM15: =AM14/2 -> 3.5 | AO15: =AO14/2 -> 2.84375 | AQ15: =AQ14/2 -> -3
A16: 13h30 | B16: 15 Coll | R16: E | S16: E | T16: E | U16: E | V16: E | W16: E | X16: E | Y16: E | Z16: E | AA16: E | AB16: 1.5
A17: 13h30 | B17: 16 – CI | C17: A | D17: A | E17: S | F17: A | G17: A | H17: E | I17: P | J17: P | K17: P | L17: P | M17: A | N17: A | O17: A | P17: A | Q17: A | R17: A | S17: A | T17: N | U17: N | V17: M | W17: N | X17: SG | Y17: V | Z17: N | AA17: A | AB17: 1.25
A18: 13h30 | B18: 17 Coll | C18: E | D18: E | E18: A | F18: E | G18: A | AB18: 1.5 | AD18: Pondération :
A19: 13h30 | B19: 18 Coll | H19: A | I19: A | J19: A | K19: A | L19: A | R19: C | S19: C | T19: C | U19: C | V19: C | AB19: 1.5 | AD19: 1 JU = 1 audience civile = 1 CAP/DCMF = 1 TPE (d’une demi-journée) = 1 journée
A20: 13h30 | B20: 20 JU | J20: M | AB20: 1 | AD20: D5 : A voir les CAP LSC = 1 jour
A21: 13h30 | B21: 20 Coll | C21: V | D21: M | E21: M | F21: M | G21: M | AB21: 1.5 | AD21: 1 CRPC = 1 Tpol = 1 audience procédures collectives TJ = 0,5 journée
A22: 13h30 | B22: 21 Coll | AB22: 1.5 | AD22: 1 Tcom = 1 CAP = 0,75 journée
A23: 13h30 | B23: T.Pol | C23: A | E23: A | AB23: 0.5 | AD23: 1 Coll = 1,5 journées
A24: 13h30 | B24: TPE | F24: M | H24: M | I24: M | J24: M | K24: M | L24: M | M24: M | N24: M | O24: M | P24: M | Q24: M | R24: M | S24: M | T24: M | U24: M | V24: M | AB24: 1 | AD24: 1 CI = 1,25 journée (compte tenu de la tardiveté)
A25: 9h30 | B25: Aud. Civ. | H25: C | J25: C | K25: C | AB25: 0.5 | AD25: 1 journée d’assises = 2 jour (1 jour de prépa + 1 jour d’audience si le parquetier n’est pas le régleur= ou 1,5 jour (si c’est le régleur)
A26: 13h30 | B26: Aud. Civ. | C26: C | E26: C | M26: C | T26: C | AB26: 0.5 | AD26: Audiences spéciales : même calcul que pour les journées d’assises ?
A27: 9h | B27: CAP | H27: P | R27: P | S27: P | T27: P | U27: P | AB27: 0.75
A28: 13h30 | B28: CAP | R28: P | S28: P | T28: P | U28: P | AB28: 0.75
A29: 13h30 | B29: DCMO | C29: P | D29: P | E29: P | F29: P | G29: P | M29: P | N29: P | O29: P | P29: P | Q29: P | AB29: 1
A30: 14h | B30: DCMF | R30: P | S30: P | T30: P | U30: P | V30: P | AB30: 1
A31: 13h30 | B31: CJ | X31: P | AB31: 0.5
A32: 9h | B32: TJ | X32: E | Z32: E | AB32: 0.5
A33: 9h | B33: T Com | H33: E | I33: E | J33: E | K33: E | L33: E | M33: E | N33: E | O33: E | P33: E | Q33: E | R33: E | S33: E | T33: E | U33: E | V33: E | AB33: 0.75
A34: 13h30 | B34: T Com | H34: E | T34: E | AB34: 0.75

Sheet Réforme
B1: Tableau de répartition des audiences entre les divisions du parquet (réforme janvier 2025) | AF1: PR | AG1: PRA | AH1: PAP | AI1: PMF | AJ1: V. Deneux | AK1: DEF | AL1: COFAC | AM1: JP Oualid | AN1: EP | AO1: PCC | AP1: Civil | AQ1: SG
E2: LUNDI | J2: MARDI | O2: MERCREDI | T2: JEUDI | Y2: VENDREDI | AB2: Pond. | AE2: Parquet | AF2: PR | AG2: PRA | AH2: A | AI2: M | AJ2: V | AK2: E | AL2: S | AM2: J | AN2: P | AO2: N | AP2: C | AQ2: SG
C3: 1 | D3: 2 | E3: 3 | F3: 4 | G3: 5 | H3: 1 | I3: 2 | J3: 3 | K3: 4 | L3: 5 | M3: 1 | N3: 2 | O3: 3 | P3: 4 | Q3: 5 | R3: 1 | S3: 2 | T3: 3 | U3: 4 | V3: 5 | W3: 1 | X3: 2 | Y3: 3 | Z3: 4 | AA3: 5 | AD3: ETPT mag. Parquet | AE3: 39 | AF3: 1 | AG3: 5 | AH3: 8 | AI3: 7 | AJ3: 1 | AK3: 6 | AL3: 4 | AM3: 1 | AN3: 4 | AO3: 2 | AP3: 2 | AQ3: 1
A4: 9h | B4: 11 JU | C4: A | D4: A | F4: A | G4: A | I4: A | J4: A | L4: A | AB4: =1 -> 1 | AD4: ETPT de perm/audiences | AE4: 33 | AF4: 1 | AH4: 8 | AI4: 7 | AJ4: 1 | AK4: 6 | AL4: 4 | AM4: 1 | AN4: 4 | AO4: 2 | AP4: 2 | AQ4: 1
A5: 9h | B5: 11 Coll | K5: A | AB5: 1.5 | AD5: total 1/2 journées (hors Hier.) | AE5: =(AE3-7)*25 -> 800 | AF5: =AF3*25 -> 25 | AG5: =AG3*25 -> 125 | AH5: =AH3*25 -> 200 | AI5: =AI3*25 -> 175 | AJ5: =AJ3*25 -> 25 | AK5: =AK3*25 -> 150 | AL5: =AL3*25 -> 100 | AM5: =AM3*25 -> 25 | ... AQ5: =AQ3*25 -> 25
A6: 9h | B6: 12 JU | W6: S | Y6: S | Z6: S | AA6: S | AB6: 1
A7: 9h | B7: 18 JU | H7: A | I7: A | J7: A | K7: A | M7: A | N7: A | O7: A | P7: A | Q7: V | W7: A | X7: A | Y7: A | Z7: A | AA7: A | AB7: 1 | AD7: 1/2 j d'audiences (Tcorr, TPE, Tpol, Tcom.) | AE7: 156 | AF7: =(COUNTIF($C$4:$AA$33,$AF$2)) -> 0 | AH7: =(COUNTIF($C$4:$AA$33,$AH$2)) -> 50 | AI7: =(COUNTIF($C$4:$AA$33,$AI$2)) -> 52 | AJ7: =(COUNTIF($C$4:$AA$33,$AJ$2)) -> 6 | AK7: =(COUNTIF($C$4:$AA$33,$AK$2)) -> 40 | AL7: =(COUNTIF($C$4:$AA$33,$AL$2)) -> 17 | AM7: =(COUNTIF($C$4:$AA$33,$AM$2)) -> 2 | AN7: =(COUNTIF($C$4:$AA$33,$AN$2)) -> 29 | AO7: =(COUNTIF($C$4:$AA$33,$AO$2)) -> 4 | AP7: =(COUNTIF($C$4:$AA$33,$AP$2)) -> 7 | AQ7: =(COUNTIF($C$4:$AA$33,"SG")) -> 1
A8: 9h | B8: 20 JU | H8: M | I8: M | J8: M | K8: M | L8: M | N8: V | R8: M | S8: M | T8: M | U8: M | V8: M | AB8: 1 | AD8: Pondération (jour) | AE8: =AH8+AI8+AK8+AL8+AN8+AP8+AF8+AO8+AQ8 -> 208.25 | AF8: =COUNTIF($C$4:$AA$4,$AF$2)*$AB$4+COUNTIF($C$5:$AA$5,$AF$2)*$AB$5+COUNTIF($C$6:$AA$6,$AF$2)*$AB$6+COUNTIF($C$7:$AA$7,$AF$2)*$AB$7+COUNTIF($C$8:$AA$8,$AF$2)*$AB$8+COUNTIF($C$9:$AA$9,$AF$2)*$AB$9+COUNTIF($C$10:$AA$10,$AF$2)*$AB$10+COUNTIF($C$11:$AA$11,$AF$2)*$AB$11+COUNTIF($C$12:$AA$12,$AF$2)*$AB$12+COUNTIF($C$13:$AA$13,$AF$2)*$AB$13+COUNTIF($C$14:$AA$14,$AF$2)*$AB$14+COUNTIF($C$15:$AA$15,$AF$2)*$AB$15+COUNTIF($C$16:$AA$16,$AF$2)*$AB$16+COUNTIF($C$17:$AA$17,$AF$2)*$AB$17+COUNTIF($C$18:$AA$18,$AF$2)*$AB$18+COUNTIF($C$19:$AA$19,$AF$2)*$AB$19+COUNTIF($C$20:$AA$20,$AF$2)*$AB$20+COUNTIF($C$21:$AA$21,$AF$2)*$AB$21+COUNTIF($C$22:$AA$22,$AF$2)*$AB$22+COUNTIF($C$23:$AA$23,$AF$2)*$AB$23+COUNTIF($C$24:$AA$24,$AF$2)*$AB$24+COUNTIF($C$25:$AA$25,$AF$2)*$AB$25+COUNTIF($C$26:$AA$26,$AF$2)*$AB$26+COUNTIF($C$27:$AA$27,$AF$2)*$AB$27+COUNTIF($C$28:$AA$28,$AF$2)*$AB$28+COUNTIF($C$29:$AA$29,$AF$2)*$AB$29+COUNTIF($C$30:$AA$30,$AF$2)*$AB$30+COUNTIF($C$31:$AA$31,$AF$2)*$AB$31+COUNTIF($C$32:$AA$32,$AF$2)*$AB$32+COUNTIF($C$33:$AA$33,$AF$2)*$AB$33 -> 0 | AG8: =4+4+4.25+7.125+3.25 -> 22.625 | AH8: =COUNTIF($C$4:$AA$4,$AH$2)*$AB$4+COUNTIF($C$5:$AA$5,$AH$2)*$AB$5+COUNTIF($C$6:$AA$6,$AH$2)*$AB$6+COUNTIF($C$7:$AA$7,$AH$2)*$AB$7+COUNTIF($H$8:$AA$8,$AH$2)*$AB$8+COUNTIF($C$9:$AA$9,$AH$2)*$AB$9+COUNTIF($C$10:$AA$10,$AH$2)*$AB$10+COUNTIF($C$11:$AA$11,$AH$2)*$AB$11+COUNTIF($C$12:$AA$12,$AH$2)*$AB$12+COUNTIF($D$13:$AA$13,$AH$2)*$AB$13+COUNTIF($C$14:$AA$14,$AH$2)*$AB$14+COUNTIF($C$15:$AA$15,$AH$2)*$AB$15+COUNTIF($C$16:$AA$16,$AH$2)*$AB$16+COUNTIF($C$17:$AA$17,$AH$2)*$AB$17+COUNTIF($D$18:$AA$18,$AH$2)*$AB$18+COUNTIF($C$19:$AA$19,$AH$2)*$AB$19+COUNTIF($C$20:$AA$20,$AH$2)*$AB$20+COUNTIF($C$21:$AA$21,$AH$2)*$AB$21+COUNTIF($C$22:$AA$22,$AH$2)*$AB$22+COUNTIF($C$23:$AA$23,$AH$2)*$AB$23+COUNTIF($C$24:$AA$24,$AH$2)*$AB$24+COUNTIF($C$25:$AA$25,$AH$2)*$AB$25+COUNTIF($C$26:$AA$26,$AH$2)*$AB$26+COUNTIF($C$27:$AA$27,$AH$2)*$AB$27+COUNTIF($C$28:$AA$28,$AH$2)*$AB$28+COUNTIF($C$29:$AA$29,$AH$2)*$AB$29+COUNTIF($C$30:$AA$30,$AH$2)*$AB$30+COUNTIF($C$31:$AA$31,$AH$2)*$AB$31+COUNTIF($C$32:$AA$32,$AH$2)*$AB$32+COUNTIF($C$33:$AA$33,$AH$2)*$AB$33 -> 54 | AI8: =COUNTIF($C$4:$AA$4,$AI$2)*$AB$4+COUNTIF($C$5:$AA$5,$AI$2)*$AB$5+COUNTIF($C$6:$AA$6,$AI$2)*$AB$6+COUNTIF($C$7:$AA$7,$AI$2)*$AB$7+COUNTIF($H$8:$AA$8,$AI$2)*$AB$8+COUNTIF($C$9:$AA$9,$AI$2)*$AB$9+COUNTIF($C$10:$AA$10,$AI$2)*0.5*$AB$10+COUNTIF($C$11:$AA$11,$AI$2)*$AB$11+COUNTIF($C$12:$AA$12,$AI$2)*$AB$12+COUNTIF($D$13:$AA$13,$AI$2)*$AB$13+COUNTIF($C$14:$AA$14,$AI$2)*$AB$14+COUNTIF($C$15:$AA$15,$AI$2)*$AB$15+COUNTIF($C$16:$AA$16,$AI$2)*$AB$16+COUNTIF($C$17:$AA$17,$AI$2)*$AB$17+COUNTIF($D$18:$AA$18,$AI$2)*$AB$18+COUNTIF($C$19:$AA$19,$AI$2)*$AB$19+COUNTIF($C$20:$AA$20,$AI$2)*$AB$20+COUNTIF($C$21:$AA$21,$AI$2)*$AB$21+COUNTIF($C$22:$AA$22,$AI$2)*$AB$22+COUNTIF($C$23:$AA$23,$AI$2)*$AB$23+COUNTIF($C$24:$AA$24,$AI$2)*$AB$24+COUNTIF($C$25:$AA$25,$AI$2)*$AB$25+COUNTIF($C$26:$AA$26,$AI$2)*$AB$26+COUNTIF($C$27:$AA$27,$AI$2)*$AB$27+COUNTIF($C$28:$AA$28,$AI$2)*$AB$28+COUNTIF($C$29:$AA$29,$AI$2)*$AB$29+COUNTIF($C$30:$AA$30,$AI$2)*$AB$30+COUNTIF($C$31:$AA$31,$AI$2)*$AB$31+COUNTIF($C$32:$AA$32,$AI$2)*$AB$32+COUNTIF($C$33:$AA$33,$AI$2)*$AB$33 -> 51 | AJ8: =COUNTIF($C$4:$AA$4,$AJ$2)*$AB$4+COUNTIF($C$5:$AA$5,$AJ$2)*$AB$5+COUNTIF($C$6:$AA$6,$AJ$2)*$AB$6+COUNTIF($C$7:$AA$7,$AJ$2)*$AB$7+COUNTIF($H$8:$AA$8,$AJ$2)*$AB$8+COUNTIF($C$9:$AA$9,$AJ$2)*$AB$9+COUNTIF($C$10:$AA$10,$AJ$2)*0.5*$AB$10+COUNTIF($C$11:$AA$11,$AJ$2)*$AB$11+COUNTIF($C$12:$AA$12,$AJ$2)*$AB$12+COUNTIF($D$13:$AA$13,$AJ$2)*$AB$13+COUNTIF($C$14:$AA$14,$AJ$2)*$AB$14+COUNTIF($C$15:$AA$15,$AJ$2)*$AB$15+COUNTIF($C$16:$AA$16,$AJ$2)*$AB$16+COUNTIF($C$17:$AA$17,$AJ$2)*$AB$17+COUNTIF($D$18:$AA$18,$AJ$2)*$AB$18+COUNTIF($C$19:$AA$19,$AJ$2)*$AB$19+COUNTIF($C$20:$AA$20,$AJ$2)*$AB$20+COUNTIF($C$21:$AA$21,$AJ$2)*$AB$21+COUNTIF($C$22:$AA$22,$AJ$2)*$AB$22+COUNTIF($C$23:$AA$23,$AJ$2)*$AB$23+COUNTIF($C$24:$AA$24,$AJ$2)*$AB$24+COUNTIF($C$25:$AA$25,$AJ$2)*$AB$25+COUNTIF($C$26:$AA$26,$AJ$2)*$AB$26+COUNTIF($C$27:$AA$27,$AJ$2)*$AB$27+COUNTIF($C$28:$AA$28,$AJ$2)*$AB$28+COUNTIF($C$29:$AA$29,$AJ$2)*$AB$29+COUNTIF($C$30:$AA$30,$AJ$2)*$AB$30+COUNTIF($C$31:$AA$31,$AJ$2)*$AB$31+COUNTIF($C$32:$AA$32,$AJ$2)*$AB$32+COUNTIF($C$33:$AA$33,$AJ$2)*$AB$33 -> 7.75 | AK8: =COUNTIF($C$4:$AA$4,$AK$2)*$AB$4+COUNTIF($C$5:$AA$5,$AK$2)*$AB$5+COUNTIF($C$6:$AA$6,$AK$2)*$AB$6+COUNTIF($C$7:$AA$7,$AK$2)*$AB$7+COUNTIF($H$8:$AA$8,$AK$2)*$AB$8+COUNTIF($C$9:$AA$9,$AK$2)*$AB$9+COUNTIF($C$10:$AA$10,$AK$2)*$AB$10+COUNTIF($C$11:$AA$11,$AK$2)*$AB$11+COUNTIF($C$12:$AA$12,$AK$2)*$AB$12+COUNTIF($D$13:$AA$13,$AK$2)*$AB$13+COUNTIF($C$14:$AA$14,$AK$2)*$AB$14+COUNTIF($C$15:$AA$15,$AK$2)*$AB$15+COUNTIF($C$16:$AA$16,$AK$2)*$AB$16+COUNTIF($C$17:$AA$17,$AK$2)*$AB$17+COUNTIF($D$18:$AA$18,$AK$2)*$AB$18+COUNTIF($C$19:$AA$19,$AK$2)*$AB$19+COUNTIF($C$20:$AA$20,$AK$2)*$AB$20+COUNTIF($C$21:$AA$21,$AK$2)*$AB$21+COUNTIF($C$22:$AA$22,$AK$2)*$AB$22+COUNTIF($C$23:$AA$23,$AK$2)*$AB$23+COUNTIF($C$24:$AA$24,$AK$2)*$AB$24+COUNTIF($C$25:$AA$25,$AK$2)*$AB$25+COUNTIF($C$26:$AA$26,$AK$2)*$AB$26+COUNTIF($C$27:$AA$27,$AK$2)*$AB$27+COUNTIF($C$28:$AA$28,$AK$2)*$AB$28+COUNTIF($C$29:$AA$29,$AK$2)*$AB$29+COUNTIF($C$30:$AA$30,$AK$2)*$AB$30+COUNTIF($C$31:$AA$31,$AK$2)*$AB$31+COUNTIF($C$32:$AA$32,$AK$2)*$AB$32+COUNTIF($C$33:$AA$33,$AK$2)*$AB$33 -> 43 | AL8: =COUNTIF($C$4:$AA$4,$AL$2)*$AB$4+COUNTIF($C$5:$AA$5,$AL$2)*$AB$5+COUNTIF($C$6:$AA$6,$AL$2)*$AB$6+COUNTIF($C$7:$AA$7,$AL$2)*$AB$7+COUNTIF($H$8:$AA$8,$AL$2)*$AB$8+COUNTIF($C$9:$AA$9,$AL$2)*$AB$9+COUNTIF($C$10:$AA$10,$AL$2)*$AB$10+COUNTIF($C$11:$AA$11,$AL$2)*$AB$11+COUNTIF($C$12:$AA$12,$AL$2)*$AB$12+COUNTIF($D$13:$AA$13,$AL$2)*$AB$13+COUNTIF($C$14:$AA$14,$AL$2)*$AB$14+COUNTIF($C$15:$AA$15,$AL$2)*$AB$15+COUNTIF($C$16:$AA$16,$AL$2)*$AB$16+COUNTIF($C$17:$AA$17,$AL$2)*$AB$17+COUNTIF($D$18:$AA$18,$AL$2)*$AB$18+COUNTIF($C$19:$AA$19,$AL$2)*$AB$19+COUNTIF($C$20:$AA$20,$AL$2)*$AB$20+COUNTIF($C$21:$AA$21,$AL$2)*$AB$21+COUNTIF($C$22:$AA$22,$AL$2)*$AB$22+COUNTIF($C$23:$AA$23,$AL$2)*$AB$23+COUNTIF($C$24:$AA$24,$AL$2)*$AB$24+COUNTIF($C$25:$AA$25,$AL$2)*$AB$25+COUNTIF($C$26:$AA$26,$AL$2)*$AB$26+COUNTIF($C$27:$AA$27,$AL$2)*$AB$27+COUNTIF($C$28:$AA$28,$AL$2)*$AB$28+COUNTIF($C$29:$AA$29,$AL$2)*$AB$29+COUNTIF($C$30:$AA$30,$AL$2)*$AB$30+COUNTIF($C$31:$AA$31,$AL$2)*$AB$31+COUNTIF($C$32:$AA$32,$AL$2)*$AB$32+COUNTIF($C$33:$AA$33,$AL$2)*$AB$33 -> 23.25 | AM8: =COUNTIF($C$4:$AA$4,$AM$2)*$AB$4+COUNTIF($C$5:$AA$5,$AM$2)*$AB$5+COUNTIF($C$6:$AA$6,$AM$2)*$AB$6+COUNTIF($C$7:$AA$7,$AM$2)*$AB$7+COUNTIF($H$8:$AA$8,$AM$2)*$AB$8+COUNTIF($C$9:$AA$9,$AM$2)*$AB$9+COUNTIF($C$10:$AA$10,$AM$2)*0.5*$AB$10+COUNTIF($C$11:$AA$11,$AM$2)*$AB$11+COUNTIF($C$12:$AA$12,$AM$2)*$AB$12+COUNTIF($D$13:$AA$13,$AM$2)*$AB$13+COUNTIF($C$14:$AA$14,$AM$2)*$AB$14+COUNTIF($C$15:$AA$15,$AM$2)*$AB$15+COUNTIF($C$16:$AA$16,$AM$2)*$AB$16+COUNTIF($C$17:$AA$17,$AM$2)*$AB$17+COUNTIF($D$18:$AA$18,$AM$2)*$AB$18+COUNTIF($C$19:$AA$19,$AM$2)*$AB$19+COUNTIF($C$20:$AA$20,$AM$2)*$AB$20+COUNTIF($C$21:$AA$21,$AM$2)*$AB$21+COUNTIF($C$22:$AA$22,$AM$2)*$AB$22+COUNTIF($C$23:$AA$23,$AM$2)*$AB$23+COUNTIF($C$24:$AA$24,$AM$2)*$AB$24+COUNTIF($C$25:$AA$25,$AM$2)*$AB$25+COUNTIF($C$26:$AA$26,$AM$2)*$AB$26+COUNTIF($C$27:$AA$27,$AM$2)*$AB$27+COUNTIF($C$28:$AA$28,$AM$2)*$AB$28+COUNTIF($C$29:$AA$29,$AM$2)*$AB$29+COUNTIF($C$30:$AA$30,$AM$2)*$AB$30+COUNTIF($C$31:$AA$31,$AM$2)*$AB$31+COUNTIF($C$32:$AA$32,$AM$2)*$AB$32+COUNTIF($C$33:$AA$33,$AM$2)*$AB$33 -> 3 | AN8: =COUNTIF($C$4:$AA$4,$AN$2)*$AB$4+COUNTIF($C$5:$AA$5,$AN$2)*$AB$5+COUNTIF($C$6:$AA$6,$AN$2)*$AB$6+COUNTIF($C$7:$AA$7,$AN$2)*$AB$7+COUNTIF($H$8:$AA$8,$AN$2)*$AB$8+COUNTIF($C$9:$AA$9,$AN$2)*$AB$9+COUNTIF($C$10:$AA$10,$AN$2)*$AB$10+COUNTIF($C$11:$AA$11,$AN$2)*$AB$11+COUNTIF($C$12:$AA$12,$AN$2)*$AB$12+COUNTIF($D$13:$AA$13,$AN$2)*$AB$13+COUNTIF($C$14:$AA$14,$AN$2)*$AB$14+COUNTIF($C$15:$AA$15,$AN$2)*$AB$15+COUNTIF($C$16:$AA$16,$AN$2)*$AB$16+COUNTIF($C$17:$AA$17,$AN$2)*$AB$17+COUNTIF($D$18:$AA$18,$AN$2)*$AB$18+COUNTIF($C$19:$AA$19,$AN$2)*$AB$19+COUNTIF($C$20:$AA$20,$AN$2)*$AB$20+COUNTIF($C$21:$AA$21,$AN$2)*$AB$21+COUNTIF($C$22:$AA$22,$AN$2)*$AB$22+COUNTIF($C$23:$AA$23,$AN$2)*$AB$23+COUNTIF($C$24:$AA$24,$AN$2)*$AB$24+COUNTIF($C$25:$AA$25,$AN$2)*$AB$25+COUNTIF($C$26:$AA$26,$AN$2)*$AB$26+COUNTIF($C$27:$AA$27,$AN$2)*$AB$27+COUNTIF($C$28:$AA$28,$AN$2)*$AB$28+COUNTIF($C$29:$AA$29,$AN$2)*$AB$29+COUNTIF($C$30:$AA$30,$AN$2)*$AB$30+COUNTIF($C$31:$AA$31,$AN$2)*$AB$31+COUNTIF($C$32:$AA$32,$AN$2)*$AB$32+COUNTIF($C$33:$AA$33,$AN$2)*$AB$33 -> 27.25 | AO8: =COUNTIF($C$4:$AA$4,$AO$2)*$AB$4+COUNTIF($C$5:$AA$5,$AO$2)*$AB$5+COUNTIF($C$6:$AA$6,$AO$2)*$AB$6+COUNTIF($C$7:$AA$7,$AO$2)*$AB$7+COUNTIF($H$8:$AA$8,$AO$2)*$AB$8+COUNTIF($C$9:$AA$9,$AO$2)*$AB$9+COUNTIF($C$10:$AA$10,$AO$2)*$AB$10+COUNTIF($C$11:$AA$11,$AO$2)*$AB$11+COUNTIF($C$12:$AA$12,$AO$2)*$AB$12+COUNTIF($D$13:$AA$13,$AO$2)*$AB$13+COUNTIF($C$14:$AA$14,$AO$2)*$AB$14+COUNTIF($C$15:$AA$15,$AO$2)*$AB$15+COUNTIF($C$16:$AA$16,$AO$2)*$AB$16+COUNTIF($C$17:$AA$17,$AO$2)*$AB$17+COUNTIF($D$18:$AA$18,$AO$2)*$AB$18+COUNTIF($C$19:$AA$19,$AO$2)*$AB$19+COUNTIF($C$20:$AA$20,$AO$2)*$AB$20+COUNTIF($C$21:$AA$21,$AO$2)*$AB$21+COUNTIF($C$22:$AA$22,$AO$2)*$AB$22+COUNTIF($C$23:$AA$23,$AO$2)*$AB$23+COUNTIF($C$24:$AA$24,$AO$2)*$AB$24+COUNTIF($C$25:$AA$25,$AO$2)*$AB$25+COUNTIF($C$26:$AA$26,$AO$2)*$AB$26+COUNTIF($C$27:$AA$27,$AO$2)*$AB$27+COUNTIF($C$28:$AA$28,$AO$2)*$AB$28+COUNTIF($C$29:$AA$29,$AO$2)*$AB$29+COUNTIF($C$30:$AA$30,$AO$2)*$AB$30+COUNTIF($C$31:$AA$31,$AO$2)*$AB$31+COUNTIF($C$32:$AA$32,$AO$2)*$AB$32+COUNTIF($C$33:$AA$33,$AO$2)*$AB$33 -> 5 | AP8: =COUNTIF($C$4:$AA$4,$AP$2)*$AB$4+COUNTIF($C$5:$AA$5,$AP$2)*$AB$5+COUNTIF($C$6:$AA$6,$AP$2)*$AB$6+COUNTIF($C$7:$AA$7,$AP$2)*$AB$7+COUNTIF($H$8:$AA$8,$AP$2)*$AB$8+COUNTIF($C$9:$AA$9,$AP$2)*$AB$9+COUNTIF($C$10:$AA$10,$AP$2)*$AB$10+COUNTIF($C$11:$AA$11,$AP$2)*$AB$11+COUNTIF($C$12:$AA$12,$AP$2)*$AB$12+COUNTIF($D$13:$AA$13,$AP$2)*$AB$13+COUNTIF($C$14:$AA$14,$AP$2)*$AB$14+COUNTIF($C$15:$AA$15,$AP$2)*$AB$15+COUNTIF($C$16:$AA$16,$AP$2)*$AB$16+COUNTIF($C$17:$AA$17,$AP$2)*$AB$17+COUNTIF($D$18:$AA$18,$AP$2)*$AB$18+COUNTIF($C$19:$AA$19,$AP$2)*$AB$19+COUNTIF($C$20:$AA$20,$AP$2)*$AB$20+COUNTIF($C$21:$AA$21,$AP$2)*$AB$21+COUNTIF($C$22:$AA$22,$AP$2)*$AB$22+COUNTIF($C$23:$AA$23,$AP$2)*$AB$23+COUNTIF($C$24:$AA$24,$AP$2)*$AB$24+COUNTIF($C$25:$AA$25,$AP$2)*$AB$25+COUNTIF($C$26:$AA$26,$AP$2)*$AB$26+COUNTIF($C$27:$AA$27,$AP$2)*$AB$27+COUNTIF($C$28:$AA$28,$AP$2)*$AB$28+COUNTIF($C$29:$AA$29,$AP$2)*$AB$29+COUNTIF($C$30:$AA$30,$AP$2)*$AB$30+COUNTIF($C$31:$AA$31,$AP$2)*$AB$31+COUNTIF($C$32:$AA$32,$AP$2)*$AB$32+COUNTIF($C$33:$AA$33,$AP$2)*$AB$33 -> 3.5 | AQ8: =AQ7*1.25 -> 1.25
A9: 9h | B9: 21 Coll | AB9: 1.5 | AD9: Charge aud./mag. | AH9: =AH7/AH3 -> 6.25 | AI9: =AI7/AI3 -> 7.4285714 | AJ9: =AJ7/AJ3 -> 6 | AK9: =AK7/AK3 -> 6.6666667 | AL9: =AL7/AL3 -> 4.25 | AM9: =AM7/AM3 -> 2 | AN9: =AN7/AN3 -> 7.25 | AO9: =AO7/AO3 -> 2 | ... AQ9: =AQ7/AQ3 -> 1
A10: 9h | B10: CRPC | M10: A | N10: E | O10: A | P10: A | Q10: A | R10: A | S10: M | T10: A | AB10: 0.5 | AD10: Ch. aud. pond./mag. | AE10: =(AE8-AG8)/AE4 -> 5.625 | AF10: =AF8/AF4 -> 0 | AH10: =(AH8-4)/AH4 -> 6.25 | AI10: =(AI8)/AI3 -> 7.2857143 | AJ10: =(AJ8)/AJ3 -> 7.75 | AK10: =(AK8-4)/AK4 -> 6.5 | AL10: =(AL8-5.75)/AL4 -> 4.375 | AM10: =(AM8)/AM4 -> 3 | AN10: =(AN8-3.25)/AN4 -> 6 | AO10: =AO8/AO4 -> 2.5 | AP10: =(AP8-1.25)/AP4 -> 1.125 | AQ10: =AQ8/AQ4 -> 1.25
A11: 9h | B11: TPE | D11: M | F11: M | H11: M | I11: M | J11: M | K11: M | L11: M | M11: M | N11: M | O11: M | P11: M | Q11: M | R11: M | S11: M | T11: M | U11: M | V11: M | AB11: 1 | AD11: 1/2 jour perm. de semaine | AE11: =AH11+AI11+AK11+AL11+AN11+AP11 -> 400 | AH11: =25*2*2 -> 100 | AI11: =25*2*2 -> 100 | AK11: =25*2 -> 50 | AL11: =25*2 -> 50 | AN11: =25*2 -> 50 | AP11: =25*2 -> 50
A12: 13h30 | B12: 12 Coll | N12: S | R12: S | S12: S | T12: S | U12: S | V12: S | W12: S | X12: S | Y12: S | Z12: S | AA12: S | AB12: 1.5 | AD12: 1/2 journée perm/mag. | AE12: =(AE11-9)/AE3 -> 10.025641 | AF12: =AF11/AF3 -> 0 | AH12: =AH11/AH3 -> 12.5 | AI12: =AI11/AI3 -> 14.285714 | AK12: =AK11/AK3 -> 8.3333333 | AL12: =AL11/AL3 -> 12.5 | AN12: =AN11/AN3 -> 12.5 | AO12: =AO11/AO3 -> 0 | AP12: =AP11/AP3 -> 25 | AQ12: =AQ11/AQ3 -> 0
A13: 13h30 | B13: 14 JU | H13: ? | J13: E | AB13: 1 | AD13: total 1/2 journées cabinet | AE13: =AE5-AE8-AE11 -> 191.75 | AH13: =AH5-AH8-AH11 -> 46 | AI13: =AI5-AI8-AI11 -> 24 | AK13: =AK5-AK8-AK11 -> 57 | AL13: =AL5-AL8-AL11 -> 26.75 | AN13: =AN5-AN8-AN11 -> 22.75 | AO13: =AO5-AO8-AO11 -> 45 | AP13: =AP5-AP8-AP11 -> -3.5 | AQ13: =AQ5-AQ8-AQ11 -> 23.75
A14: 13h30 | B14: 14 Coll | H14: E | I14: E | K14: E | L14: E | M14: E | N14: E | O14: E | P14: E | Q14: E | AB14: 1.5 | AD14: 1/2 cab/magistrat | AE14: =AE13/33 -> 5.8106061 | AH14: =AH13/AH3 -> 5.75 | AI14: =AI13/AI3 -> 3.4285714 | AK14: =AK13/AK3 -> 9.5 | AL14: =AL13/AL3 -> 6.6875 | AN14: =AN13/AN3 -> 5.6875 | AO14: =AO13/AO3 -> 22.5 | AP14: =AP13/AP3 -> -1.75 | AQ14: =AQ13/AQ3 -> 23.75
A15: 13h30 | B15: 15 JU | R15: E | AB15: 1 | AD15: Jours de cab/mois/mag. | AE15: =AE14/2 -> 2.905303 | AH15: =AH14/2 -> 2.875 | AI15: =AI14/2 -> 1.7142857 | AK15: =AK14/2 -> 4.75 | AL15: =AL14/2 -> 3.34375 | AN15: =AN14/2 -> 2.84375 | AP15: =AP14/2 -> -0.875
A16: 13h30 | B16: 15 Coll | S16: E | T16: E | U16: E | V16: E | X16: E | Y16: E | Z16: E | AA16: E | AB16: 1.5
A17: 13h30 | B17: 16 – CI | C17: A | D17: A | E17: S | F17: A | G17: A | H17: E | I17: P | J17: P | K17: P | L17: P | M17: A | N17: A | O17: A | P17: A | Q17: A | R17: A | S17: A | T17: N | U17: N | V17: M | W17: N | X17: SG | Y17: V | Z17: N | AA17: A | AB17: 1.25
A18: 13h30 | B18: 17 Coll | H18: J | J18: J | AB18: 1.5 | AD18: Pondération :
A19: 13h30 | B19: 18 Coll | C19: A | E19: A | H19: A | I19: A | J19: A | K19: A | L19: V | R19: A | S19: A | T19: A | U19: S | V19: V | AB19: 1.5 | AD19: 1 JU = 1 audience civile = 1 CAP/DCMF = 1 TPE (d’une demi-journée) = 1 journée
A20: 13h30 | B20: 20 Coll | C20: V | D20: M | E20: M | F20: M | G20: M | M20: M | O20: M | Q20: M | AB20: 1.5 | AD20: D5 : A voir les CAP LSC = 1 jour
A21: 13h30 | B21: 21 Coll | AB21: 1.5 | AD21: 1 CRPC = 1 Tpol = 1 audience procédures collectives TJ = 0,5 journée
A22: 13h30 | B22: T.Police | C22: A | E22: A | AB22: 0.5 | AD22: 1 Tcom = 1 CAP = 0,75 journée
A23: 13h30 | B23: TPE | D23: M | H23: M | I23: M | J23: M | K23: M | L23: M | M23: M | N23: M | O23: M | P23: M | Q23: M | R23: M | S23: M | T23: M | U23: M | V23: M | AB23: 0.75 | AD23: 1 Coll = 1,5 journées
A24: 9h30 | B24: Aud. Civ. | H24: C | J24: C | K24: C | AB24: 0.5 | AD24: 1 CI = 1,25 journée (compte tenu de la tardiveté)
A25: 13h30 | B25: Aud. Civ. | C25: C | I25: C | M25: C | T25: C | AB25: 0.5 | AD25: 1 journée d’assises = 2 jour (1 jour de prépa + 1 jour d’audience si le parquetier n’est pas le régleur= ou 1,5 jour (si c’est le régleur)
A26: 9h | B26: CAP | H26: P | R26: P | S26: P | T26: P | U26: P | AB26: 0.75 | AD26: Audiences spéciales : même calcul que pour les journées d’assises ?
A27: 13h30 | B27: CAP | R27: P | S27: P | T27: P | U27: P | AB27: 0.75
A28: 13h30 | B28: DCMO | C28: P | D28: P | E28: P | F28: P | G28: P | M28: P | N28: P | O28: P | P28: P | Q28: P | AB28: 1 | AE28: A ou S | AF28: Audience résevée au COFAC mois impairs
A29: 14h | B29: DCMF | R29: P | S29: P | T29: P | U29: P | V29: P | AB29: 1 | AE29: ? | AF29: Non arbitré dans le protocole audiencement V4
A30: 13h30 | B30: CJ | X30: P | Y30: 2/3 | AB30: 0.5 | AE30: M | AF30: Audiences infractions commises par FSI
A31: 9h | B31: TJ | X31: E | Z31: E | AB31: 0.5 | AE31: M ou S
A32: 9h | B32: T Com | H32: E | I32: E | J32: E | K32: E | L32: E | M32: E | N32: E | O32: E | P32: E | Q32: E | R32: E | S32: E | T32: E | U32: E | V32: E | AB32: 0.75
A33: 13h30 | B33: T Com | H33: E | T33: E | AB33: 0.75
AE34: 20 : 1 JU en moins et 1,3 Coll en plus
B37: P. Civil | C37: -5 | D37: Je propose de récupérer les JU de la 20ème le jeudi matin ce qui permet une mutualisation des audiences au sein de la division.
D38: Si le PAP demande une compensation, dès lors que nous n’assurons plus les audiences du jeudi de la 18ème , nous pouvons prendre une CI un mercredi ou celle du vendredi restant au PAP éventuellement.
B39: PAP | C39: 3.5 | D39: 3,5 audiences en plus pour le PAP. Redéploiement sur d'autres divisions des CI des 1er lundi, 1er et 3ème mercredis
B41: COFAC | C41: 0.5 | D41: Il n’est pas possible pour le COFAC de prendre des audiences juge unique du matin sur les jeudis et vendredis qui sont les jours d’audiences collégiales de la 12ème chambre.
D42: Propose donc que le COFAC prenne 3 audiences juge unique 18ème chambre les 1ers 3èmes et 4èmes mercredis du mois. (avec toujours cet impossibilité du 2ème mercredi qui correspond à une audience collégiale de la 12ème).
D43: HL : Le PAP n’est pas opposé dans le cadre de la redistribution des 3 audiences que je souhaitais, qu’il s’agisse de deux des audiences JU18 qu’évoque Jean Pascal
B44: PMF | C44: 1.5 | D44: V. D : En complément donc la 20JU du 2ème mercredi c’est la foraine donc je la prends pour moi
D45: Les 20è JU du jeudi matin au pôle civil qui peut prendre les 2 CI du mercredi du PAP
D46: Le PMF et VD assureront les 20ème coll du mercredi
D47: Restent le 20 JU du mardi qui devraient basculer au PAP puisque le COFAC proposent de prendre des 18JU du mercredi
B48: DEF | C48: -1 | D48: Nous perdons une audience au global (42 contre 41) donc je te propose de prendre la 18ème JU du 1er vendredi du mois pour compenser et ainsi contribuer à ce que le COFAC n’ait pas deux audiences ce jour-là.

Sheet Proposition 
B1: Tableau de répartition des audiences entre les divisions du parquet (réforme janvier 2025) | AD1: Décompte Actuel | AE1: Parquet | AF1: PR | AG1: PRA | AH1: PAP | AI1: PMF | AJ1: V. Deneux | AK1: DEF | AL1: COFAC | AM1: JP Oualid - Presse | AN1: EP | AO1: PCC | AP1: Civil | AQ1: SG
E2: LUNDI | J2: MARDI | O2: MERCREDI | T2: JEUDI | Y2: VENDREDI | AB2: Pond. | AF2: PR | AG2: PRA | AH2: A | AI2: M | AJ2: V | AK2: E | AL2: S | AM2: J | AN2: P | AO2: N | AP2: C | AQ2: SG
C3: 1 | D3: 2 | E3: 3 | F3: 4 | G3: 5 | H3: 1 | I3: 2 | J3: 3 | K3: 4 | L3: 5 | M3: 1 | N3: 2 | O3: 3 | P3: 4 | Q3: 5 | R3: 1 | S3: 2 | T3: 3 | U3: 4 | V3: 5 | W3: 1 | X3: 2 | Y3: 3 | Z3: 4 | AA3: 5 | AD3: ETPT mag. Parquet | AE3: 40 | AF3: 1 | AG3: 5 | AH3: 8 | AI3: 7 | AJ3: 1 | AK3: 6 | AL3: 4 | AM3: 1 | AN3: 4 | AO3: 2 | AP3: 2 | AQ3: 1
A4: 9h | B4: 11 JU | C4: A | D4: A | F4: A | G4: A | I4: A | J4: A | L4: A | AB4: =1 -> 1 | AD4: 1/2 j d'audiences au total | AE4: =Actuel!AF7 -> 207 | AF4: =Actuel!AG7 -> 4 | AG4: =Actuel!AH7 -> 0 | AH4: =Actuel!AI7 -> 48 | AI4: =Actuel!AJ7 -> 46.5 | AJ4: =Actuel!AK7 -> 2 | AK4: =Actuel!AL7 -> 42 | AL4: =Actuel!AM7 -> 16.5 | ... AQ4: =Actuel!AR7 -> 1
A5: 9h | B5: 11 Coll | K5: A | AB5: 1.5 | AD5: 1/2 j d'aud. JU, CRPC, TPE, Tpol, Tcom | AE5: =SUM(AF5:AQ5) -> 133 | AF5: 4 | AH5: =(COUNTIF(Actuel!$C$4:$AA$13,AH2))+(COUNTIF(Actuel!$C$23:$AA$34,AH2)) -> 29 | AI5: =(COUNTIF(Actuel!$C$4:$AA$13,AI2))+(COUNTIF(Actuel!$C$23:$AA$34,AI2))-0.5 -> 40.5 | AK5: =(COUNTIF(Actuel!$C$4:$AA$13,AK2))+(COUNTIF(Actuel!$C$23:$AA$34,AK2)) -> 22 | AL5: =(COUNTIF(Actuel!$C$4:$AA$13,AL2))+(COUNTIF(Actuel!$C$23:$AA$34,AL2))-0.5 -> 4.5 | AM5: 0 | AN5: =(COUNTIF(Actuel!$C$4:$AA$13,AN2))+(COUNTIF(Actuel!$C$23:$AA$34,AN2)) -> 25 | AO5: =(COUNTIF(Actuel!$C$4:$AA$13,AO2))+(COUNTIF(Actuel!$C$23:$AA$34,AO2)) -> 0 | AP5: =(COUNTIF(Actuel!$C$4:$AA$13,AP2))+(COUNTIF(Actuel!$C$23:$AA$34,AP2)) -> 8 | AQ5: =(COUNTIF(Actuel!$C$4:$AA$13,AQ2))+(COUNTIF(Actuel!$C$23:$AA$34,AQ2)) -> 0
A6: 9h | B6: 12 JU | W6: E | Y6: E | Z6: A | AA6: A | AB6: 1 | AD6: 1/2 j d'audiences Coll et CI | AE6: =SUM(AF6:AQ6) -> 73 | AH6: =(COUNTIF(Actuel!$C$14:$AA$22,AH2)) -> 19 | AI6: =(COUNTIF(Actuel!$C$14:$AA$22,AI2))-(COUNTIF(Actuel!$C$20:$AA$20,AI2)) -> 5 | AJ6: 2 | AK6: =(COUNTIF(Actuel!$C$14:$AA$22,AK2)) -> 20 | AL6: =(COUNTIF(Actuel!$C$14:$AA$22,AL2)) -> 12 | AM6: 1 | AN6: =(COUNTIF(Actuel!$C$14:$AA$22,AN2)) -> 4 | AO6: =(COUNTIF(Actuel!$C$14:$AA$22,AO2)) -> 4 | AP6: =(COUNTIF(Actuel!$C$14:$AA$22,AP2)) -> 5 | AQ6: =(COUNTIF(Actuel!$C$14:$AA$22,AQ2)) -> 1
A7: 9h | B7: 18 JU | H7: A | I7: A | J7: A | K7: S | L7: A | M7: A | N7: A | O7: A | P7: A | Q7: V | W7: A | X7: A | Y7: A | Z7: A | AA7: A | AB7: 1 | AD7: Pondération (jour) | AE7: =SUM(AF7:AS7) -> 243.375 | AF7: 2 | AG7: 22.625 | AH7: 52.5 | AI7: 48.75 | AJ7: 2.75 | AK7: 46 | AL7: 21.75 | AM7: 1.5 | AN7: 27.25 | AO7: 5 | AP7: 12 | AQ7: 1.25
A8: 9h | B8: 20 JU | H8: M | I8: M | J8: S | K8: A | L8: S | N8: M | R8: C | S8: C | T8: C | U8: C | V8: C | AB8: 1 | AD8: Charge aud./mag. | AH8: 6 | AI8: 6.5714286 | AJ8: =1.25+1.5 -> 2.75 | AK8: 7 | AL8: 4 | AM8: =AM4/AM3 -> 1 | AN8: 7.25 | AO8: 2 | AP8: 6.5 | AQ8: 1
A10: 9h | B10: CRPC | M10: A | N10: E | O10: A | P10: A | Q10: A | R10: A | S10: M | T10: S | U10: A | V10: A | AB10: 0.5 | AD10: Ch. aud. pond./mag. | AE10: 5.875 | AF10: 2 | AH10: 6.0625 | AI10: 6.5714286 | AJ10: =(AJ8)/AJ3 -> 2.75 | AK10: 7 | AL10: 3.65625 | AM10: =(AM7)/AM3 -> 1.5 | AN10: 6 | AO10: 2.5 | AP10: 5.375 | AQ10: 1.25
A11: 9h | B11: TPE | D11: M | F11: M | H11: M | I11: M | J11: M | K11: M | L11: M | M11: M | N11: M | O11: M | P11: M | Q11: M | R11: M | S11: M | T11: M | U11: M | V11: M | AB11: 1 | AD11: ETPT de perm/audiences | AE11: 33 | AF11: 1 | AH11: 8 | AI11: 7 | AJ11: 1 | AK11: 6 | AL11: 4 | AM11: 1 | AN11: 4 | AO11: 2 | AP11: 2 | AQ11: 1
A12: 13h30 | B12: 12 Coll | N12: S | R12: S | S12: S | T12: S | U12: S | V12: S | W12: S | X12: S | Y12: S | Z12: S | AA12: S | AB12: 1.5 | AD12: total 1/2 journées (hors Hier.) | AE12: 800 | AF12: 25 | AG12: 125 | AH12: 200 | AI12: 175 | AJ12: =AJ3*25 -> 25 | AK12: 150 | AL12: 100 | AM12: =AM3*25 -> 25 | AN12: 100 | AO12: 50 | AP12: 50 | AQ12: 25
A13: 13h30 | B13: 14 JU | O13: E | AB13: 1 | AD13: 1/2 jour perm. (en semaine) | AE13: 400 | AH13: 100 | AI13: 100 | AK13: 50 | AL13: 50 | AN13: 50 | AP13: 50
A14: 13h30 | B14: 14 Coll | H14: E | I14: E | J14: E | K14: E | L14: E | M14: E | N14: E | P14: E | Q14: E | AB14: 1.5 | AD14: 1/2 journée perm/mag. | AE14: 10.025641 | AF14: 0 | AH14: 12.5 | AI14: 14.285714 | AK14: 8.3333333 | AL14: 12.5 | AN14: 12.5 | AO14: 0 | AP14: 25 | AQ14: 0
AB15: 1
A16: 13h30 | B16: 15 Coll | R16: E | S16: E | T16: E | U16: E | V16: E | X16: E | Y16: E | Z16: E | AA16: E | AB16: 1.5 | AD16: total 1/2 journées cabinet | AE16: 183.5 | AH16: 47.5 | AI16: 26.25 | AK16: 54 | AL16: 28.25 | AN16: 22.75 | AO16: 45 | AP16: -12 | AQ16: 23.75
A17: 13h30 | B17: 16 – CI | C17: C | D17: A | E17: S | F17: A | G17: A | H17: E | I17: P | J17: P | K17: P | L17: P | M17: N | N17: A | O17: C | P17: A | Q17: A | R17: A | S17: A | T17: N | U17: N | V17: M | W17: N | X17: SG | Y17: V | Z17: M | AA17: A | AB17: 1.5 | AD17: 1/2 cab/magistrat (perm. Prélim. Incluse) | AE17: 5.5606061 | AH17: 5.9375 | AI17: 3.75 | AK17: 9 | AL17: 7.0625 | AN17: 5.6875 | AO17: 22.5 | AP17: -6 | AQ17: 23.75
A18: 13h30 | B18: 17 Coll | H18: J | J18: J | AB18: 1.5 | AD18: Jours de cab/mois/mag. | AE18: 2.780303 | AH18: 2.96875 | AI18: 1.875 | AK18: 4.5 | AL18: 3.53125 | AN18: 2.84375 | AP18: -3
A19: 13h30 | B19: 18 Coll | C19: A | E19: A | H19: A | I19: A | J19: A | K19: A | L19: V | R19: A | S19: A | T19: A | U19: S | V19: V | AB19: 1.5
A20: 13h30 | B20: 20 Coll | C20: V | D20: M | E20: M | F20: M | G20: M | M20: M | O20: M | Q20: M | AB20: 1.5
A22: 13h30 | B22: T.Police | E22: A | AB22: 0.5 | AD22: Décompte Proposition | AE22: Parquet | AF22: PR | AG22: PRA | AH22: PAP | AI22: PMF | AJ22: V. Deneux | AK22: DEF | AL22: COFAC | AM22: JP Oualid - Presse | AN22: EP | AO22: PCC | AP22: Civil | AQ22: SG
A23: 13h30 | B23: TPE | D23: M | H23: M | I23: M | J23: M | K23: M | L23: M | M23: M | N23: M | O23: M | P23: M | Q23: M | R23: M | S23: M | T23: M | U23: M | V23: M | AB23: 0.75 | AF23: PR | AG23: PRA | AH23: A | AI23: M | AJ23: V | AK23: E | AL23: S | AM23: J | AN23: P | AO23: N | AP23: C | AQ23: SG
A24: 9h30 | B24: Aud. Civ. | H24: C | J24: C | K24: C | AB24: 0.5 | AD24: ETPT mag. Parquet | AE24: 40 | AF24: 1 | AG24: 3 | AH24: 8 | AI24: 7 | AJ24: 1 | AK24: 6 | AL24: 4 | AM24: 1 | AN24: 4 | AO24: 2 | AP24: 2 | AQ24: 1
A25: 13h30 | B25: Aud. Civ. | C25: C | I25: C | M25: C | T25: C | AB25: 0.5 | AD25: 1/2 j d'audiences au total | AE25: =SUM(AF25:AQ25) -> 209 | AF25: =(COUNTIF($C$4:$AA$33,$AF$23)) -> 0 | AH25: =(COUNTIF($C$4:$AA$33,$AH$23)) -> 50 | AI25: =(COUNTIF($C$4:$AA$33,$AI$23))-0.5 -> 45.5 | AJ25: =(COUNTIF($C$4:$AA$33,$AJ$23)) -> 5 | AK25: =(COUNTIF($C$4:$AA$33,$AK$23)) -> 42 | AL25: =(COUNTIF($C$4:$AA$33,$AL$23))-0.5 -> 16.5 | AM25: =(COUNTIF($C$4:$AA$33,$AM$23)) -> 2 | AN25: =(COUNTIF($C$4:$AA$33,$AN$23)) -> 29 | AO25: =(COUNTIF($C$4:$AA$33,$AO$23)) -> 4 | AP25: =(COUNTIF($C$4:$AA$33,$AP$23)) -> 14 | AQ25: =(COUNTIF($C$4:$AA$33,"SG")) -> 1
A26: 9h | B26: CAP | H26: P | R26: P | S26: P | T26: P | U26: P | AB26: 0.75 | AD26: 1/2 j d'aud. JU, CRPC, TPE, Tpol, Tcom | AE26: =SUM(AF26:AQ26) -> 132 | AH26: =(COUNTIF($C$22:$AA$33,AH23))+(COUNTIF($C$13:$AA$13,AH23))+(COUNTIF($C$4:$AA$11,AH23))-(COUNTIF($C$5:$AA$5,AH2)) -> 31 | AI26: =(COUNTIF($C$22:$AA$33,AI23))+(COUNTIF($C$13:$AA$13,AI23))+(COUNTIF($C$4:$AA$11,AI23))-0.5 -> 36.5 | AJ26: =(COUNTIF($C$22:$AA$33,AJ23))+(COUNTIF($C$13:$AA$13,AJ23))+(COUNTIF($C$4:$AA$11,AJ23)) -> 1 | AK26: =(COUNTIF($C$22:$AA$33,AK23))+(COUNTIF($C$13:$AA$13,AK23))+(COUNTIF($C$4:$AA$11,AK23)) -> 23 | AL26: =(COUNTIF($C$22:$AA$33,AL23))+(COUNTIF($C$13:$AA$13,AL23))+(COUNTIF($C$4:$AA$11,AL23))-0.5 -> 3.5 | AM26: =(COUNTIF($C$22:$AA$33,AM23))+(COUNTIF($C$13:$AA$13,AM23))+(COUNTIF($C$4:$AA$11,AM23)) -> 0 | AN26: =(COUNTIF($C$22:$AA$33,AN23))+(COUNTIF($C$13:$AA$13,AN23))+(COUNTIF($C$4:$AA$11,AN23)) -> 25 | AO26: =(COUNTIF($C$22:$AA$33,AO23))+(COUNTIF($C$13:$AA$13,AO23))+(COUNTIF($C$4:$AA$11,AO23)) -> 0 | AP26: =(COUNTIF($C$22:$AA$33,AP23))+(COUNTIF($C$13:$AA$13,AP23))+(COUNTIF($C$4:$AA$11,AP23)) -> 12 | AQ26: =(COUNTIF($C$22:$AA$33,AQ23))+(COUNTIF($C$13:$AA$13,AQ23))+(COUNTIF($C$4:$AA$11,AQ23)) -> 0
A27: 13h30 | B27: CAP | R27: P | S27: P | T27: P | U27: P | AB27: 0.75 | AD27: 1/2 j d'audiences Coll et CI | AE27: =SUM(AF27:AQ27) -> 77 | AH27: =(COUNTIF($C$12:$AA$20,AH23))-(COUNTIF($C$13:$AA$13,AH23))+(COUNTIF($C$5:$AA$5,AH2)) -> 19 | AI27: =(COUNTIF($C$12:$AA$20,AI23))-(COUNTIF($C$13:$AA$13,AI23)) -> 9 | AJ27: =(COUNTIF($C$12:$AA$20,AJ23))-(COUNTIF($C$13:$AA$13,AJ23)) -> 4 | AK27: =(COUNTIF($C$12:$AA$20,AK23))-(COUNTIF($C$13:$AA$13,AK23)) -> 19 | AL27: =(COUNTIF($C$12:$AA$20,AL23))-(COUNTIF($C$13:$AA$13,AL23)) -> 13 | AM27: =(COUNTIF($C$12:$AA$20,AM23))-(COUNTIF($C$13:$AA$13,AM23)) -> 2 | AN27: =(COUNTIF($C$12:$AA$20,AN23))-(COUNTIF($C$13:$AA$13,AN23)) -> 4 | AO27: =(COUNTIF($C$12:$AA$20,AO23))-(COUNTIF($C$13:$AA$13,AO23)) -> 4 | AP27: =(COUNTIF($C$12:$AA$20,AP23))-(COUNTIF($C$13:$AA$13,AP23)) -> 2 | AQ27: =(COUNTIF($C$12:$AA$20,AQ23))-(COUNTIF($C$13:$AA$13,AQ23)) -> 1
A28: 13h30 | B28: DCMO | C28: P | D28: P | E28: P | F28: P | G28: P | M28: P | N28: P | O28: P | P28: P | Q28: P | AB28: 1 | AD28: Pondération (jour) | AE28: =SUM(AF28:AQ28) -> 248.125 | AF28: =COUNTIF($C$4:$AA$4,$AF$23)*$AB$4+COUNTIF($C$5:$AA$5,$AF$23)*$AB$5+COUNTIF($C$6:$AA$6,$AF$23)*$AB$6+COUNTIF($C$7:$AA$7,$AF$23)*$AB$7+COUNTIF($C$8:$AA$8,$AF$23)*$AB$8+COUNTIF($C$9:$AA$9,$AF$23)*$AB$9+COUNTIF($C$10:$AA$10,$AF$23)*$AB$10+COUNTIF($C$11:$AA$11,$AF$23)*$AB$11+COUNTIF($C$12:$AA$12,$AF$23)*$AB$12+COUNTIF($C$13:$AA$13,$AF$23)*$AB$13+COUNTIF($C$14:$AA$14,$AF$23)*$AB$14+COUNTIF($C$15:$AA$15,$AF$23)*$AB$15+COUNTIF($C$16:$AA$16,$AF$23)*$AB$16+COUNTIF($D$17:$AA$17,$AF$23)*$AB$17+COUNTIF($C$18:$AA$18,$AF$23)*$AB$18+COUNTIF($C$19:$AA$19,$AF$23)*$AB$19+COUNTIF($C$20:$AA$20,$AF$23)*$AB$20+COUNTIF($C$21:$AA$21,$AF$23)*$AB$21+COUNTIF($C$22:$AA$22,$AF$23)*$AB$22+COUNTIF($C$23:$AA$23,$AF$23)*$AB$23+COUNTIF($C$24:$AA$24,$AF$23)*$AB$24+COUNTIF($C$25:$AA$25,$AF$23)*$AB$25+COUNTIF($C$26:$AA$26,$AF$23)*$AB$26+COUNTIF($C$27:$AA$27,$AF$23)*$AB$27+COUNTIF($C$28:$AA$28,$AF$23)*$AB$28+COUNTIF($C$29:$AA$29,$AF$23)*$AB$29+COUNTIF($C$30:$AA$30,$AF$23)*$AB$30+COUNTIF($C$31:$AA$31,$AF$23)*$AB$31+COUNTIF($C$32:$AA$32,$AF$23)*$AB$32+COUNTIF($C$33:$AA$33,$AF$23)*$AB$33 -> 0 | AG28: =4+4+4.25+7.125+3.25 -> 22.625 | AH28: =COUNTIF($C$4:$AA$4,$AH$23)*$AB$4+COUNTIF($C$5:$AA$5,$AH$23)*$AB$5+COUNTIF($C$6:$AA$6,$AH$23)*$AB$6+COUNTIF($C$7:$AA$7,$AH$23)*$AB$7+COUNTIF($H$8:$AA$8,$AH$23)*$AB$8+COUNTIF($C$9:$AA$9,$AH$23)*$AB$9+COUNTIF($C$10:$AA$10,$AH$23)*$AB$10+COUNTIF($C$11:$AA$11,$AH$23)*$AB$11+COUNTIF($C$12:$AA$12,$AH$23)*$AB$12+COUNTIF($D$13:$AA$13,$AH$23)*$AB$13+COUNTIF($C$14:$AA$14,$AH$23)*$AB$14+COUNTIF($C$15:$AA$15,$AH$23)*$AB$15+COUNTIF($C$16:$AA$16,$AH$23)*$AB$16+COUNTIF($D$17:$AA$17,$AH$23)*$AB$17+COUNTIF($D$18:$AA$18,$AH$23)*$AB$18+COUNTIF($C$19:$AA$19,$AH$23)*$AB$19+COUNTIF($C$20:$AA$20,$AH$23)*$AB$20+COUNTIF($C$21:$AA$21,$AH$23)*$AB$21+COUNTIF($C$22:$AA$22,$AH$23)*$AB$22+COUNTIF($C$23:$AA$23,$AH$23)*$AB$23+COUNTIF($C$24:$AA$24,$AH$23)*$AB$24+COUNTIF($C$25:$AA$25,$AH$23)*$AB$25+COUNTIF($C$26:$AA$26,$AH$23)*$AB$26+COUNTIF($C$27:$AA$27,$AH$23)*$AB$27+COUNTIF($C$28:$AA$28,$AH$23)*$AB$28+COUNTIF($C$29:$AA$29,$AH$23)*$AB$29+COUNTIF($C$30:$AA$30,$AH$23)*$AB$30+COUNTIF($C$31:$AA$31,$AH$23)*$AB$31+COUNTIF($C$32:$AA$32,$AH$23)*$AB$32+COUNTIF($C$33:$AA$33,$AH$23)*$AB$33 -> 55.5 | AI28: =COUNTIF($C$4:$AA$4,$AI$23)*$AB$4+COUNTIF($C$5:$AA$5,$AI$23)*$AB$5+COUNTIF($C$6:$AA$6,$AI$23)*$AB$6+COUNTIF($C$7:$AA$7,$AI$23)*$AB$7+COUNTIF($H$8:$AA$8,$AI$23)*$AB$8+COUNTIF($C$9:$AA$9,$AI$23)*$AB$9+COUNTIF($C$10:$AA$10,$AI$23)*0.5*$AB$10+COUNTIF($C$11:$AA$11,$AI$23)*$AB$11+COUNTIF($C$12:$AA$12,$AI$23)*$AB$12+COUNTIF($D$13:$AA$13,$AI$23)*$AB$13+COUNTIF($C$14:$AA$14,$AI$23)*$AB$14+COUNTIF($C$15:$AA$15,$AI$23)*$AB$15+COUNTIF($C$16:$AA$16,$AI$23)*$AB$16+COUNTIF($D$17:$AA$17,$AI$23)*$AB$17+COUNTIF($D$18:$AA$18,$AI$23)*$AB$18+COUNTIF($C$19:$AA$19,$AI$23)*$AB$19+COUNTIF($C$20:$AA$20,$AI$23)*$AB$20+COUNTIF($C$21:$AA$21,$AI$23)*$AB$21+COUNTIF($C$22:$AA$22,$AI$23)*$AB$22+COUNTIF($C$23:$AA$23,$AI$23)*$AB$23+COUNTIF($C$24:$AA$24,$AI$23)*$AB$24+COUNTIF($C$25:$AA$25,$AI$23)*$AB$25+COUNTIF($C$26:$AA$26,$AI$23)*$AB$26+COUNTIF($C$27:$AA$27,$AI$23)*$AB$27+COUNTIF($C$28:$AA$28,$AI$23)*$AB$28+COUNTIF($C$29:$AA$29,$AI$23)*$AB$29+COUNTIF($C$30:$AA$30,$AI$23)*$AB$30+COUNTIF($C$31:$AA$31,$AI$23)*$AB$31+COUNTIF($C$32:$AA$32,$AI$23)*$AB$32+COUNTIF($C$33:$AA$33,$AI$23)*$AB$33 -> 45.75 | AJ28: =COUNTIF($C$4:$AA$4,$AJ$23)*$AB$4+COUNTIF($C$5:$AA$5,$AJ$23)*$AB$5+COUNTIF($C$6:$AA$6,$AJ$23)*$AB$6+COUNTIF($C$7:$AA$7,$AJ$23)*$AB$7+COUNTIF($H$8:$AA$8,$AJ$23)*$AB$8+COUNTIF($C$9:$AA$9,$AJ$23)*$AB$9+COUNTIF($C$10:$AA$10,$AJ$23)*0.5*$AB$10+COUNTIF($C$11:$AA$11,$AJ$23)*$AB$11+COUNTIF($C$12:$AA$12,$AJ$23)*$AB$12+COUNTIF($D$13:$AA$13,$AJ$23)*$AB$13+COUNTIF($C$14:$AA$14,$AJ$23)*$AB$14+COUNTIF($C$15:$AA$15,$AJ$23)*$AB$15+COUNTIF($C$16:$AA$16,$AJ$23)*$AB$16+COUNTIF($D$17:$AA$17,$AJ$23)*$AB$17+COUNTIF($D$18:$AA$18,$AJ$23)*$AB$18+COUNTIF($C$19:$AA$19,$AJ$23)*$AB$19+COUNTIF($C$20:$AA$20,$AJ$23)*$AB$20+COUNTIF($C$21:$AA$21,$AJ$23)*$AB$21+COUNTIF($C$22:$AA$22,$AJ$23)*$AB$22+COUNTIF($C$23:$AA$23,$AJ$23)*$AB$23+COUNTIF($C$24:$AA$24,$AJ$23)*$AB$24+COUNTIF($C$25:$AA$25,$AJ$23)*$AB$25+COUNTIF($C$26:$AA$26,$AJ$23)*$AB$26+COUNTIF($C$27:$AA$27,$AJ$23)*$AB$27+COUNTIF($C$28:$AA$28,$AJ$23)*$AB$28+COUNTIF($C$29:$AA$29,$AJ$23)*$AB$29+COUNTIF($C$30:$AA$30,$AJ$23)*$AB$30+COUNTIF($C$31:$AA$31,$AJ$23)*$AB$31+COUNTIF($C$32:$AA$32,$AJ$23)*$AB$32+COUNTIF($C$33:$AA$33,$AJ$23)*$AB$33 -> 7 | AK28: =COUNTIF($C$4:$AA$4,$AK$23)*$AB$4+COUNTIF($C$5:$AA$5,$AK$23)*$AB$5+COUNTIF($C$6:$AA$6,$AK$23)*$AB$6+COUNTIF($C$7:$AA$7,$AK$23)*$AB$7+COUNTIF($H$8:$AA$8,$AK$23)*$AB$8+COUNTIF($C$9:$AA$9,$AK$23)*$AB$9+COUNTIF($C$10:$AA$10,$AK$23)*$AB$10+COUNTIF($C$11:$AA$11,$AK$23)*$AB$11+COUNTIF($C$12:$AA$12,$AK$23)*$AB$12+COUNTIF($D$13:$AA$13,$AK$23)*$AB$13+COUNTIF($C$14:$AA$14,$AK$23)*$AB$14+COUNTIF($C$15:$AA$15,$AK$23)*$AB$15+COUNTIF($C$16:$AA$16,$AK$23)*$AB$16+COUNTIF($D$17:$AA$17,$AK$23)*$AB$17+COUNTIF($D$18:$AA$18,$AK$23)*$AB$18+COUNTIF($C$19:$AA$19,$AK$23)*$AB$19+COUNTIF($C$20:$AA$20,$AK$23)*$AB$20+COUNTIF($C$21:$AA$21,$AK$23)*$AB$21+COUNTIF($C$22:$AA$22,$AK$23)*$AB$22+COUNTIF($C$23:$AA$23,$AK$23)*$AB$23+COUNTIF($C$24:$AA$24,$AK$23)*$AB$24+COUNTIF($C$25:$AA$25,$AK$23)*$AB$25+COUNTIF($C$26:$AA$26,$AK$23)*$AB$26+COUNTIF($C$27:$AA$27,$AK$23)*$AB$27+COUNTIF($C$28:$AA$28,$AK$23)*$AB$28+COUNTIF($C$29:$AA$29,$AK$23)*$AB$29+COUNTIF($C$30:$AA$30,$AK$23)*$AB$30+COUNTIF($C$31:$AA$31,$AK$23)*$AB$31+COUNTIF($C$32:$AA$32,$AK$23)*$AB$32+COUNTIF($C$33:$AA$33,$AK$23)*$AB$33 -> 45.75 | AL28: =COUNTIF($C$4:$AA$4,$AL$23)*$AB$4+COUNTIF($C$5:$AA$5,$AL$23)*$AB$5+COUNTIF($C$6:$AA$6,$AL$23)*$AB$6+COUNTIF($C$7:$AA$7,$AL$23)*$AB$7+COUNTIF($H$8:$AA$8,$AL$23)*$AB$8+COUNTIF($C$9:$AA$9,$AL$23)*$AB$9+COUNTIF($C$10:$AA$10,$AL$23)*$AB$10+COUNTIF($C$11:$AA$11,$AL$23)*$AB$11+COUNTIF($C$12:$AA$12,$AL$23)*$AB$12+COUNTIF($D$13:$AA$13,$AL$23)*$AB$13+COUNTIF($C$14:$AA$14,$AL$23)*$AB$14+COUNTIF($C$15:$AA$15,$AL$23)*$AB$15+COUNTIF($C$16:$AA$16,$AL$23)*$AB$16+COUNTIF($D$17:$AA$17,$AL$23)*$AB$17+COUNTIF($D$18:$AA$18,$AL$23)*$AB$18+COUNTIF($C$19:$AA$19,$AL$23)*$AB$19+COUNTIF($C$20:$AA$20,$AL$23)*$AB$20+COUNTIF($C$21:$AA$21,$AL$23)*$AB$21+COUNTIF($C$22:$AA$22,$AL$23)*$AB$22+COUNTIF($C$23:$AA$23,$AL$23)*$AB$23+COUNTIF($C$24:$AA$24,$AL$23)*$AB$24+COUNTIF($C$25:$AA$25,$AL$23)*$AB$25+COUNTIF($C$26:$AA$26,$AL$23)*$AB$26+COUNTIF($C$27:$AA$27,$AL$23)*$AB$27+COUNTIF($C$28:$AA$28,$AL$23)*$AB$28+COUNTIF($C$29:$AA$29,$AL$23)*$AB$29+COUNTIF($C$30:$AA$30,$AL$23)*$AB$30+COUNTIF($C$31:$AA$31,$AL$23)*$AB$31+COUNTIF($C$32:$AA$32,$AL$23)*$AB$32+COUNTIF($C$33:$AA$33,$AL$23)*$AB$33 -> 23 | AM28: =COUNTIF($C$4:$AA$4,$AM$23)*$AB$4+COUNTIF($C$5:$AA$5,$AM$23)*$AB$5+COUNTIF($C$6:$AA$6,$AM$23)*$AB$6+COUNTIF($C$7:$AA$7,$AM$23)*$AB$7+COUNTIF($H$8:$AA$8,$AM$23)*$AB$8+COUNTIF($C$9:$AA$9,$AM$23)*$AB$9+COUNTIF($C$10:$AA$10,$AM$23)*0.5*$AB$10+COUNTIF($C$11:$AA$11,$AM$23)*$AB$11+COUNTIF($C$12:$AA$12,$AM$23)*$AB$12+COUNTIF($D$13:$AA$13,$AM$23)*$AB$13+COUNTIF($C$14:$AA$14,$AM$23)*$AB$14+COUNTIF($C$15:$AA$15,$AM$23)*$AB$15+COUNTIF($C$16:$AA$16,$AM$23)*$AB$16+COUNTIF($D$17:$AA$17,$AM$23)*$AB$17+COUNTIF($D$18:$AA$18,$AM$23)*$AB$18+COUNTIF($C$19:$AA$19,$AM$23)*$AB$19+COUNTIF($C$20:$AA$20,$AM$23)*$AB$20+COUNTIF($C$21:$AA$21,$AM$23)*$AB$21+COUNTIF($C$22:$AA$22,$AM$23)*$AB$22+COUNTIF($C$23:$AA$23,$AM$23)*$AB$23+COUNTIF($C$24:$AA$24,$AM$23)*$AB$24+COUNTIF($C$25:$AA$25,$AM$23)*$AB$25+COUNTIF($C$26:$AA$26,$AM$23)*$AB$26+COUNTIF($C$27:$AA$27,$AM$23)*$AB$27+COUNTIF($C$28:$AA$28,$AM$23)*$AB$28+COUNTIF($C$29:$AA$29,$AM$23)*$AB$29+COUNTIF($C$30:$AA$30,$AM$23)*$AB$30+COUNTIF($C$31:$AA$31,$AM$23)*$AB$31+COUNTIF($C$32:$AA$32,$AM$23)*$AB$32+COUNTIF($C$33:$AA$33,$AM$23)*$AB$33 -> 3 | AN28: =COUNTIF($C$4:$AA$4,$AN$23)*$AB$4+COUNTIF($C$5:$AA$5,$AN$23)*$AB$5+COUNTIF($C$6:$AA$6,$AN$23)*$AB$6+COUNTIF($C$7:$AA$7,$AN$23)*$AB$7+COUNTIF($H$8:$AA$8,$AN$23)*$AB$8+COUNTIF($C$9:$AA$9,$AN$23)*$AB$9+COUNTIF($C$10:$AA$10,$AN$23)*$AB$10+COUNTIF($C$11:$AA$11,$AN$23)*$AB$11+COUNTIF($C$12:$AA$12,$AN$23)*$AB$12+COUNTIF($D$13:$AA$13,$AN$23)*$AB$13+COUNTIF($C$14:$AA$14,$AN$23)*$AB$14+COUNTIF($C$15:$AA$15,$AN$23)*$AB$15+COUNTIF($C$16:$AA$16,$AN$23)*$AB$16+COUNTIF($D$17:$AA$17,$AN$23)*$AB$17+COUNTIF($D$18:$AA$18,$AN$23)*$AB$18+COUNTIF($C$19:$AA$19,$AN$23)*$AB$19+COUNTIF($C$20:$AA$20,$AN$23)*$AB$20+COUNTIF($C$21:$AA$21,$AN$23)*$AB$21+COUNTIF($C$22:$AA$22,$AN$23)*$AB$22+COUNTIF($C$23:$AA$23,$AN$23)*$AB$23+COUNTIF($C$24:$AA$24,$AN$23)*$AB$24+COUNTIF($C$25:$AA$25,$AN$23)*$AB$25+COUNTIF($C$26:$AA$26,$AN$23)*$AB$26+COUNTIF($C$27:$AA$27,$AN$23)*$AB$27+COUNTIF($C$28:$AA$28,$AN$23)*$AB$28+COUNTIF($C$29:$AA$29,$AN$23)*$AB$29+COUNTIF($C$30:$AA$30,$AN$23)*$AB$30+COUNTIF($C$31:$AA$31,$AN$23)*$AB$31+COUNTIF($C$32:$AA$32,$AN$23)*$AB$32+COUNTIF($C$33:$AA$33,$AN$23)*$AB$33 -> 28.25 | AO28: =COUNTIF($C$4:$AA$4,$AO$23)*$AB$4+COUNTIF($C$5:$AA$5,$AO$23)*$AB$5+COUNTIF($C$6:$AA$6,$AO$23)*$AB$6+COUNTIF($C$7:$AA$7,$AO$23)*$AB$7+COUNTIF($H$8:$AA$8,$AO$23)*$AB$8+COUNTIF($C$9:$AA$9,$AO$23)*$AB$9+COUNTIF($C$10:$AA$10,$AO$23)*$AB$10+COUNTIF($C$11:$AA$11,$AO$23)*$AB$11+COUNTIF($C$12:$AA$12,$AO$23)*$AB$12+COUNTIF($D$13:$AA$13,$AO$23)*$AB$13+COUNTIF($C$14:$AA$14,$AO$23)*$AB$14+COUNTIF($C$15:$AA$15,$AO$23)*$AB$15+COUNTIF($C$16:$AA$16,$AO$23)*$AB$16+COUNTIF($D$17:$AA$17,$AO$23)*$AB$17+COUNTIF($D$18:$AA$18,$AO$23)*$AB$18+COUNTIF($C$19:$AA$19,$AO$23)*$AB$19+COUNTIF($C$20:$AA$20,$AO$23)*$AB$20+COUNTIF($C$21:$AA$21,$AO$23)*$AB$21+COUNTIF($C$22:$AA$22,$AO$23)*$AB$22+COUNTIF($C$23:$AA$23,$AO$23)*$AB$23+COUNTIF($C$24:$AA$24,$AO$23)*$AB$24+COUNTIF($C$25:$AA$25,$AO$23)*$AB$25+COUNTIF($C$26:$AA$26,$AO$23)*$AB$26+COUNTIF($C$27:$AA$27,$AO$23)*$AB$27+COUNTIF($C$28:$AA$28,$AO$23)*$AB$28+COUNTIF($C$29:$AA$29,$AO$23)*$AB$29+COUNTIF($C$30:$AA$30,$AO$23)*$AB$30+COUNTIF($C$31:$AA$31,$AO$23)*$AB$31+COUNTIF($C$32:$AA$32,$AO$23)*$AB$32+COUNTIF($C$33:$AA$33,$AO$23)*$AB$33 -> 6 | AP28: =COUNTIF($C$4:$AA$4,$AP$23)*$AB$4+COUNTIF($C$5:$AA$5,$AP$23)*$AB$5+COUNTIF($C$6:$AA$6,$AP$23)*$AB$6+COUNTIF($C$7:$AA$7,$AP$23)*$AB$7+COUNTIF($H$8:$AA$8,$AP$23)*$AB$8+COUNTIF($C$9:$AA$9,$AP$23)*$AB$9+COUNTIF($C$10:$AA$10,$AP$23)*$AB$10+COUNTIF($C$11:$AA$11,$AP$23)*$AB$11+COUNTIF($C$12:$AA$12,$AP$23)*$AB$12+COUNTIF($D$13:$AA$13,$AP$23)*$AB$13+COUNTIF($C$14:$AA$14,$AP$23)*$AB$14+COUNTIF($C$15:$AA$15,$AP$23)*$AB$15+COUNTIF($C$16:$AA$16,$AP$23)*$AB$16+COUNTIF($D$17:$AA$17,$AP$23)*$AB$17+COUNTIF($D$18:$AA$18,$AP$23)*$AB$18+COUNTIF($C$19:$AA$19,$AP$23)*$AB$19+COUNTIF($C$20:$AA$20,$AP$23)*$AB$20+COUNTIF($C$21:$AA$21,$AP$23)*$AB$21+COUNTIF($C$22:$AA$22,$AP$23)*$AB$22+COUNTIF($C$23:$AA$23,$AP$23)*$AB$23+COUNTIF($C$24:$AA$24,$AP$23)*$AB$24+COUNTIF($C$25:$AA$25,$AP$23)*$AB$25+COUNTIF($C$26:$AA$26,$AP$23)*$AB$26+COUNTIF($C$27:$AA$27,$AP$23)*$AB$27+COUNTIF($C$28:$AA$28,$AP$23)*$AB$28+COUNTIF($C$29:$AA$29,$AP$23)*$AB$29+COUNTIF($C$30:$AA$30,$AP$23)*$AB$30+COUNTIF($C$31:$AA$31,$AP$23)*$AB$31+COUNTIF($C$32:$AA$32,$AP$23)*$AB$32+COUNTIF($C$33:$AA$33,$AP$23)*$AB$33 -> 10 | AQ28: =AQ25*1.25 -> 1.25
A29: 14h | B29: DCMF | R29: P | S29: P | T29: P | U29: P | V29: P | AB29: 1 | AD29: Charge aud./mag. | AH29: =AH25/AH24 -> 6.25 | AI29: =AI25/AI24 -> 6.5 | AJ29: =AJ25/AJ24 -> 5 | AK29: =AK25/AK24 -> 7 | AL29: =AL25/AL24 -> 4.125 | AM29: =AM25/AM24 -> 2 | AN29: =AN25/AN24 -> 7.25 | AO29: =AO25/AO24 -> 2 | ... AQ29: =AQ25/AQ24 -> 1
A30: 13h30 | B30: CJ | X30: P | AB30: 0.5 | AD30: Ch. aud. pond./mag. | AE30: =(AE28-AG28)/AE31 -> 6.8333333 | AF30: =AF28/AF31 -> 0 | AH30: =(AH28-4)/AH24 -> 6.4375 | AI30: =(AI28)/AI24 -> 6.5357143 | AJ30: =(AJ28)/AJ24 -> 7 | AK30: =(AK28-4)/AK24 -> 6.9583333 | AL30: =(AL28-5.75)/AL24 -> 4.3125 | AM30: =(AM28)/AM24 -> 3 | AN30: =(AN28-3.25)/AN24 -> 6.25 | AO30: =AO28/AO24 -> 3 | AP30: =(AP28-1.25)/AP24 -> 4.375 | AQ30: =AQ28/AQ24 -> 1.25
A31: 9h | B31: TJ | X31: E | Z31: E | AB31: 0.5 | AD31: ETPT de perm/audiences | AE31: 33 | AF31: 1 | AH31: 8 | AI31: 7 | AJ31: 1 | AK31: 6 | AL31: 4 | AM31: 1 | AN31: 4 | AO31: 2 | AP31: 2 | AQ31: 1
A32: 9h | B32: T Com | H32: E | I32: E | J32: E | K32: E | L32: E | M32: E | N32: E | O32: E | P32: E | Q32: E | R32: E | S32: E | T32: E | U32: E | V32: E | AB32: 0.75 | AD32: total 1/2 journées (hors Hier.) | AE32: =(AE24-7)*25 -> 825 | AF32: =AF24*25 -> 25 | AG32: =AG24*25 -> 75 | AH32: =AH24*25 -> 200 | AI32: =AI24*25 -> 175 | AJ32: =AJ24*25 -> 25 | AK32: =AK24*25 -> 150 | AL32: =AL24*25 -> 100 | AM32: =AM24*25 -> 25 | ... AQ32: =AQ24*25 -> 25
A33: 13h30 | B33: T Com | H33: E | T33: E | AB33: 0.75 | AD33: 1/2 jour perm. (en semaine) | AE33: =AH33+AI33+AK33+AL33+AN33+AP33 -> 400 | AH33: =25*2*2 -> 100 | AI33: =25*2*2 -> 100 | AK33: =25*2 -> 50 | AL33: =25*2 -> 50 | AN33: =25*2 -> 50 | AP33: =25*2 -> 50
B34: Occurrence 5ème du mois/2025 : | G34: =3/10 -> 0.3 | L34: =2/10 -> 0.2 | Q34: =3/10 -> 0.3 | V34: =2/10 -> 0.2 | AA34: =3/10 -> 0.3 | AD34: 1/2 journée perm/mag. | AE34: =(AE33-9)/AE24 -> 9.775 | AH34: =AH33/AH24 -> 12.5 | AI34: =AI33/AI24 -> 14.285714 | AK34: =AK33/AK24 -> 8.3333333 | AL34: =AL33/AL24 -> 12.5 | AN34: =AN33/AN24 -> 12.5 | AO34: =AO33/AO24 -> 0 | AP34: =AP33/AP24 -> 25 | AQ34: =AQ33/AQ24 -> 0
AD35: total 1/2 journées cabinet | AE35: =AE32-AE28-AE33 -> 176.875 | AH35: =AH32-AH28-AH33 -> 44.5 | AI35: =AI32-AI28-AI33 -> 29.25 | AK35: =AK32-AK28-AK33 -> 54.25 | AL35: =AL32-AL28-AL33 -> 27 | AN35: =AN32-AN28-AN33 -> 21.75 | AO35: =AO32-AO28-AO33 -> 44 | AP35: =AP32-AP28-AP33 -> -10 | AQ35: =AQ32-AQ28-AQ33 -> 23.75
B36: Audiences infractions commises par FSI | AD36: 1/2 cab/magistrat (perm. Prélim. Incluse) | AE36: =AE35/33 -> 5.3598485 | AH36: =AH35/AH24 -> 5.5625 | AI36: =AI35/AI24 -> 4.1785714 | AK36: =AK35/AK24 -> 9.0416667 | AL36: =AL35/AL24 -> 6.75 | AN36: =AN35/AN24 -> 5.4375 | AO36: =AO35/AO24 -> 22 | AP36: =AP35/AP24 -> -5 | AQ36: =AQ35/AQ24 -> 23.75
AD37: Jours de cab/mois/mag. | AE37: =AE36/2 -> 2.6799242 | AH37: =AH36/2 -> 2.78125 | AI37: =AI36/2 -> 2.0892857 | AK37: =AK36/2 -> 4.5208333 | AL37: =AL36/2 -> 3.375 | AN37: =AN36/2 -> 2.71875 | AP37: =AP36/2 -> -2.5
B38: Pondération :
B39: 1 JU = 1 audience civile = 1 CAP/DCMF = 1 TPE (d’une demi-journée) = 1 journée
B40: D5 : A voir les CAP LSC = 1 jour
B41: 1 CRPC = 1 Tpol = 1 audience procédures collectives TJ = 0,5 journée
B42: 1 Tcom = 1 CAP = 0,75 journée
B43: 1 Coll = 1,5 journées
B44: 1 CI = 1,5 journée (compte tenu de la tardiveté)
B45: 1 journée d’assises = 2 jour (1 jour de prépa + 1 jour d’audience si le parquetier n’est pas le régleur= ou 1,5 jour (si c’est le régleur)
B46: Audiences spéciales : même calcul que pour les journées d’assises ?
C49: Attributions des PRA : | Q49: Avec pondération
B50: PR | C50: 3,5 CRPC + 1 audience | Q50: =3.5*0.5+1.25 -> 3
B51: PRA-D1 | C51: 2 CI+ 1 Coll 18ème ou 4 jours de permanence 1ère ligne | Q51: =2*1.25+1.5 -> 4
B52: PRA-D2 | C52: 2 Tcom + 2 aud. Proc. Coll. Civ. + 1 Coll 15ème | Q52: =2*0.5+2*0.75+1.5 -> 4
B53: PRA-D3 | C53: CI 4ème jeudi, 20ème Coll (PMF) + 1 CI par mois jeudi pour le pôle civil | Q53: =2*1.5+1.25 -> 4.25
B54: PRA-D4 | C54: 14ème Coll Presse + 3 collégiales/spéciales + 1 JU + 0.5 CRPC + 0.3 CI | Q54: =1+3*1.5+1+0.25+0.3*1.25 -> 7.125
B55: PRA-D5 | C55: 1 CI, 1 DCMF + 1 DCMO | Q55: =1.25+1+1 -> 3.25
B56: SG | C56: 1 CI/mois (2ème vendredi) | Q56: 1.25

Sheet Simulation MP
B1: Tableau de répartition des audiences entre les divisions du parquet
E2: LUNDI | J2: MARDI | O2: MERCREDI | T2: JEUDI | Y2: VENDREDI | AB2: Pond.
C3: 1 | D3: 2 | E3: 3 | F3: 4 | G3: 5 | H3: 1 | I3: 2 | J3: 3 | K3: 4 | L3: 5 | M3: 1 | N3: 2 | O3: 3 | P3: 4 | Q3: 5 | R3: 1 | S3: 2 | T3: 3 | U3: 4 | V3: 5 | W3: 1 | X3: 2 | Y3: 3 | Z3: 4 | AA3: 5
A4: 9h | B4: 11 JU | C4: A | D4: A | F4: A | G4: A | I4: A | J4: A | L4: A | AB4: =1 -> 1 | AD4: Décompte Proposition | AE4: Parquet | AF4: PR | AG4: PRA | AH4: PAP | AI4: PMF | AJ4: V. Deneux | AK4: M. PARMENTIER | AL4: DEF | AM4: MTT - P. LEMOINE | AN4: COFAC | AO4: JPO-Presse | AP4: EP | AQ4: PCC | AR4: Civil | AS4: SG
A5: 9h | B5: 11 Coll | K5: A | AB5: 1.5 | AF5: PR | AG5: PRA | AH5: A | AI5: M | AJ5: V | AK5: MP | AL5: E | AM5: MTT | AN5: S | AO5: J | AP5: P | AQ5: N | AR5: C | AS5: SG
A6: 9h | B6: 12 JU | W6: E | Y6: MP | Z6: A | AA6: MP | AB6: 1 | AD6: ETPT mag. Parquet | AE6: 40 | AF6: 1 | AG6: 3 | AH6: 8 | AI6: 7 | AJ6: 1 | AK6: 1 | AL6: 6 | AM6: 1 | AN6: 4 | AO6: 1 | AP6: 4 | AQ6: 2 | AR6: 2 | AS6: 1
A7: 9h | B7: 18 JU | H7: A | I7: A | J7: MP | K7: MP | L7: A | M7: A | N7: A | O7: A | P7: A | Q7: V | W7: A | X7: A | Y7: A | Z7: A | AA7: A | AB7: 1 | AD7: 1/2 j d'audiences au total | AE7: =SUM(AF7:AS7) -> 209 | AF7: =(COUNTIF($C$4:$AA$33,$AF$5)) -> 0 | AH7: =(COUNTIF($C$4:$AA$33,$AH$5)) -> 47 | AI7: =(COUNTIF($C$4:$AA$33,$AI$5))-0.5 -> 44.5 | AJ7: =(COUNTIF($C$4:$AA$33,$AJ$5)) -> 3 | AK7: =(COUNTIF($C$4:$AA$33,$AK$5)) -> 9 | AL7: =(COUNTIF($C$4:$AA$33,$AL$5)) -> 36 | AM7: =(COUNTIF($C$4:$AA$33,$AM$5)) -> 6 | AN7: =(COUNTIF($C$4:$AA$33,$AN$5))-0.5 -> 15.5 | AO7: =(COUNTIF($C$4:$AA$33,$AO$5)) -> 2 | AP7: =(COUNTIF($C$4:$AA$33,$AP$5)) -> 28 | AQ7: =(COUNTIF($C$4:$AA$33,$AQ$5)) -> 4 | AR7: =(COUNTIF($C$4:$AA$33,$AR$5)) -> 13 | AS7: =(COUNTIF($C$4:$AA$33,"SG")) -> 1
A8: 9h | B8: 20 JU | H8: M | I8: M | J8: S | K8: A | L8: S | N8: M | R8: C | S8: C | T8: C | U8: C | V8: C | AB8: 1 | AD8: 1/2 j d'aud. JU, CRPC, TPE, Tpol, Tcom | AE8: =SUM(AF8:AS8) -> 133 | AH8: =(COUNTIF($C$22:$AA$33,AH5))+(COUNTIF($C$13:$AA$13,AH5))+(COUNTIF($C$4:$AA$11,AH5))-(COUNTIF($C$5:$AA$5,#REF!)) -> 29 | AI8: =(COUNTIF($C$22:$AA$33,AI5))+(COUNTIF($C$13:$AA$13,AI5))+(COUNTIF($C$4:$AA$11,AI5))-0.5 -> 36.5 | AJ8: =(COUNTIF($C$22:$AA$33,AJ5))+(COUNTIF($C$13:$AA$13,AJ5))+(COUNTIF($C$4:$AA$11,AJ5)) -> 1 | AK8: =(COUNTIF($C$22:$AA$33,AK5))+(COUNTIF($C$13:$AA$13,AK5))+(COUNTIF($C$4:$AA$11,AK5)) -> 4 | AL8: =(COUNTIF($C$22:$AA$33,AL5))+(COUNTIF($C$13:$AA$13,AL5))+(COUNTIF($C$4:$AA$11,AL5)) -> 17 | AM8: =(COUNTIF($C$22:$AA$33,AM5))+(COUNTIF($C$13:$AA$13,AM5))+(COUNTIF($C$4:$AA$11,AM5)) -> 6 | AN8: =(COUNTIF($C$22:$AA$33,AN5))+(COUNTIF($C$13:$AA$13,AN5))+(COUNTIF($C$4:$AA$11,AN5))-0.5 -> 2.5 | AO8: =(COUNTIF($C$22:$AA$33,AO5))+(COUNTIF($C$13:$AA$13,AO5))+(COUNTIF($C$4:$AA$11,AO5)) -> 0 | AP8: =(COUNTIF($C$22:$AA$33,AP5))+(COUNTIF($C$13:$AA$13,AP5))+(COUNTIF($C$4:$AA$11,AP5)) -> 25 | AQ8: =(COUNTIF($C$22:$AA$33,AQ5))+(COUNTIF($C$13:$AA$13,AQ5))+(COUNTIF($C$4:$AA$11,AQ5)) -> 0 | AR8: =(COUNTIF($C$22:$AA$33,AR5))+(COUNTIF($C$13:$AA$13,AR5))+(COUNTIF($C$4:$AA$11,AR5)) -> 12 | AS8: =(COUNTIF($C$22:$AA$33,AS5))+(COUNTIF($C$13:$AA$13,AS5))+(COUNTIF($C$4:$AA$11,AS5)) -> 0
AD9: 1/2 j d'audiences Coll et CI | AE9: =SUM(AF9:AS9) -> 76 | AH9: =(COUNTIF($C$12:$AA$20,AH5))-(COUNTIF($C$13:$AA$13,AH5))+(COUNTIF($C$5:$AA$5,#REF!)) -> 18 | AI9: =(COUNTIF($C$12:$AA$20,AI5))-(COUNTIF($C$13:$AA$13,AI5)) -> 8 | AJ9: =(COUNTIF($C$12:$AA$20,AJ5))-(COUNTIF($C$13:$AA$13,AJ5)) -> 2 | AK9: =(COUNTIF($C$12:$AA$20,AK5))-(COUNTIF($C$13:$AA$13,AK5)) -> 5 | AL9: =(COUNTIF($C$12:$AA$20,AL5))-(COUNTIF($C$13:$AA$13,AL5)) -> 19 | AM9: =(COUNTIF($C$12:$AA$20,AM5))-(COUNTIF($C$13:$AA$13,AM5)) -> 0 | AN9: =(COUNTIF($C$12:$AA$20,AN5))-(COUNTIF($C$13:$AA$13,AN5)) -> 13 | AO9: =(COUNTIF($C$12:$AA$20,AO5))-(COUNTIF($C$13:$AA$13,AO5)) -> 2 | AP9: =(COUNTIF($C$12:$AA$20,AP5))-(COUNTIF($C$13:$AA$13,AP5)) -> 3 | ... AS9: =(COUNTIF($C$12:$AA$20,AS5))-(COUNTIF($C$13:$AA$13,AS5)) -> 1
A10: 9h | B10: CRPC | M10: A | N10: E | O10: A | P10: A | Q10: A | R10: A | S10: M | T10: S | U10: A | V10: A | AB10: 0.5 | AD10: Pondération (jour) | AE10: =SUM(AF10:AS10) -> 248.625 | AF10: =COUNTIF($C$4:$AA$4,$AF$5)*$AB$4+COUNTIF($C$5:$AA$5,$AF$5)*$AB$5+COUNTIF($C$6:$AA$6,$AF$5)*$AB$6+COUNTIF($C$7:$AA$7,$AF$5)*$AB$7+COUNTIF($C$8:$AA$8,$AF$5)*$AB$8+COUNTIF($C$9:$AA$9,$AF$5)*$AB$9+COUNTIF($C$10:$AA$10,$AF$5)*$AB$10+COUNTIF($C$11:$AA$11,$AF$5)*$AB$11+COUNTIF($C$12:$AA$12,$AF$5)*$AB$12+COUNTIF($C$13:$AA$13,$AF$5)*$AB$13+COUNTIF($C$14:$AA$14,$AF$5)*$AB$14+COUNTIF($C$15:$AA$15,$AF$5)*$AB$15+COUNTIF($C$16:$AA$16,$AF$5)*$AB$16+COUNTIF($D$17:$AA$17,$AF$5)*$AB$17+COUNTIF($C$18:$AA$18,$AF$5)*$AB$18+COUNTIF($C$19:$AA$19,$AF$5)*$AB$19+COUNTIF($C$20:$AA$20,$AF$5)*$AB$20+COUNTIF($C$21:$AA$21,$AF$5)*$AB$21+COUNTIF($C$22:$AA$22,$AF$5)*$AB$22+COUNTIF($C$23:$AA$23,$AF$5)*$AB$23+COUNTIF($C$24:$AA$24,$AF$5)*$AB$24+COUNTIF($C$25:$AA$25,$AF$5)*$AB$25+COUNTIF($C$26:$AA$26,$AF$5)*$AB$26+COUNTIF($C$27:$AA$27,$AF$5)*$AB$27+COUNTIF($C$28:$AA$28,$AF$5)*$AB$28+COUNTIF($C$29:$AA$29,$AF$5)*$AB$29+COUNTIF($C$30:$AA$30,$AF$5)*$AB$30+COUNTIF($C$31:$AA$31,$AF$5)*$AB$31+COUNTIF($C$32:$AA$32,$AF$5)*$AB$32+COUNTIF($C$33:$AA$33,$AF$5)*$AB$33 -> 0 | AG10: =4+4+4.25+7.125+3.25 -> 22.625 | AH10: =COUNTIF($C$4:$AA$4,$AH$5)*$AB$4+COUNTIF($C$5:$AA$5,$AH$5)*$AB$5+COUNTIF($C$6:$AA$6,$AH$5)*$AB$6+COUNTIF($C$7:$AA$7,$AH$5)*$AB$7+COUNTIF($H$8:$AA$8,$AH$5)*$AB$8+COUNTIF($C$9:$AA$9,$AH$5)*$AB$9+COUNTIF($C$10:$AA$10,$AH$5)*$AB$10+COUNTIF($C$11:$AA$11,$AH$5)*$AB$11+COUNTIF($C$12:$AA$12,$AH$5)*$AB$12+COUNTIF($D$13:$AA$13,$AH$5)*$AB$13+COUNTIF($C$14:$AA$14,$AH$5)*$AB$14+COUNTIF($C$15:$AA$15,$AH$5)*$AB$15+COUNTIF($C$16:$AA$16,$AH$5)*$AB$16+COUNTIF($D$17:$AA$17,$AH$5)*$AB$17+COUNTIF($D$18:$AA$18,$AH$5)*$AB$18+COUNTIF($C$19:$AA$19,$AH$5)*$AB$19+COUNTIF($C$20:$AA$20,$AH$5)*$AB$20+COUNTIF($C$21:$AA$21,$AH$5)*$AB$21+COUNTIF($C$22:$AA$22,$AH$5)*$AB$22+COUNTIF($C$23:$AA$23,$AH$5)*$AB$23+COUNTIF($C$24:$AA$24,$AH$5)*$AB$24+COUNTIF($C$25:$AA$25,$AH$5)*$AB$25+COUNTIF($C$26:$AA$26,$AH$5)*$AB$26+COUNTIF($C$27:$AA$27,$AH$5)*$AB$27+COUNTIF($C$28:$AA$28,$AH$5)*$AB$28+COUNTIF($C$29:$AA$29,$AH$5)*$AB$29+COUNTIF($C$30:$AA$30,$AH$5)*$AB$30+COUNTIF($C$31:$AA$31,$AH$5)*$AB$31+COUNTIF($C$32:$AA$32,$AH$5)*$AB$32+COUNTIF($C$33:$AA$33,$AH$5)*$AB$33 -> 53 | AI10: =COUNTIF($C$4:$AA$4,$AI$5)*$AB$4+COUNTIF($C$5:$AA$5,$AI$5)*$AB$5+COUNTIF($C$6:$AA$6,$AI$5)*$AB$6+COUNTIF($C$7:$AA$7,$AI$5)*$AB$7+COUNTIF($H$8:$AA$8,$AI$5)*$AB$8+COUNTIF($C$9:$AA$9,$AI$5)*$AB$9+COUNTIF($C$10:$AA$10,$AI$5)*0.5*$AB$10+COUNTIF($C$11:$AA$11,$AI$5)*$AB$11+COUNTIF($C$12:$AA$12,$AI$5)*$AB$12+COUNTIF($D$13:$AA$13,$AI$5)*$AB$13+COUNTIF($C$14:$AA$14,$AI$5)*$AB$14+COUNTIF($C$15:$AA$15,$AI$5)*$AB$15+COUNTIF($C$16:$AA$16,$AI$5)*$AB$16+COUNTIF($D$17:$AA$17,$AI$5)*$AB$17+COUNTIF($D$18:$AA$18,$AI$5)*$AB$18+COUNTIF($C$19:$AA$19,$AI$5)*$AB$19+COUNTIF($C$20:$AA$20,$AI$5)*$AB$20+COUNTIF($C$21:$AA$21,$AI$5)*$AB$21+COUNTIF($C$22:$AA$22,$AI$5)*$AB$22+COUNTIF($C$23:$AA$23,$AI$5)*$AB$23+COUNTIF($C$24:$AA$24,$AI$5)*$AB$24+COUNTIF($C$25:$AA$25,$AI$5)*$AB$25+COUNTIF($C$26:$AA$26,$AI$5)*$AB$26+COUNTIF($C$27:$AA$27,$AI$5)*$AB$27+COUNTIF($C$28:$AA$28,$AI$5)*$AB$28+COUNTIF($C$29:$AA$29,$AI$5)*$AB$29+COUNTIF($C$30:$AA$30,$AI$5)*$AB$30+COUNTIF($C$31:$AA$31,$AI$5)*$AB$31+COUNTIF($C$32:$AA$32,$AI$5)*$AB$32+COUNTIF($C$33:$AA$33,$AI$5)*$AB$33 -> 44.25 | AJ10: =COUNTIF($C$4:$AA$4,$AJ$5)*$AB$4+COUNTIF($C$5:$AA$5,$AJ$5)*$AB$5+COUNTIF($C$6:$AA$6,$AJ$5)*$AB$6+COUNTIF($C$7:$AA$7,$AJ$5)*$AB$7+COUNTIF($H$8:$AA$8,$AJ$5)*$AB$8+COUNTIF($C$9:$AA$9,$AJ$5)*$AB$9+COUNTIF($C$10:$AA$10,$AJ$5)*0.5*$AB$10+COUNTIF($C$11:$AA$11,$AJ$5)*$AB$11+COUNTIF($C$12:$AA$12,$AJ$5)*$AB$12+COUNTIF($D$13:$AA$13,$AJ$5)*$AB$13+COUNTIF($C$14:$AA$14,$AJ$5)*$AB$14+COUNTIF($C$15:$AA$15,$AJ$5)*$AB$15+COUNTIF($C$16:$AA$16,$AJ$5)*$AB$16+COUNTIF($D$17:$AA$17,$AJ$5)*$AB$17+COUNTIF($D$18:$AA$18,$AJ$5)*$AB$18+COUNTIF($C$19:$AA$19,$AJ$5)*$AB$19+COUNTIF($C$20:$AA$20,$AJ$5)*$AB$20+COUNTIF($C$21:$AA$21,$AJ$5)*$AB$21+COUNTIF($C$22:$AA$22,$AJ$5)*$AB$22+COUNTIF($C$23:$AA$23,$AJ$5)*$AB$23+COUNTIF($C$24:$AA$24,$AJ$5)*$AB$24+COUNTIF($C$25:$AA$25,$AJ$5)*$AB$25+COUNTIF($C$26:$AA$26,$AJ$5)*$AB$26+COUNTIF($C$27:$AA$27,$AJ$5)*$AB$27+COUNTIF($C$28:$AA$28,$AJ$5)*$AB$28+COUNTIF($C$29:$AA$29,$AJ$5)*$AB$29+COUNTIF($C$30:$AA$30,$AJ$5)*$AB$30+COUNTIF($C$31:$AA$31,$AJ$5)*$AB$31+COUNTIF($C$32:$AA$32,$AJ$5)*$AB$32+COUNTIF($C$33:$AA$33,$AJ$5)*$AB$33 -> 4 | AK10: =COUNTIF($C$4:$AA$4,$AK$5)*$AB$4+COUNTIF($C$5:$AA$5,$AK$5)*$AB$5+COUNTIF($C$6:$AA$6,$AK$5)*$AB$6+COUNTIF($C$7:$AA$7,$AK$5)*$AB$7+COUNTIF($H$8:$AA$8,$AK$5)*$AB$8+COUNTIF($C$9:$AA$9,$AK$5)*$AB$9+COUNTIF($C$10:$AA$10,$AK$5)*0.5*$AB$10+COUNTIF($C$11:$AA$11,$AK$5)*$AB$11+COUNTIF($C$12:$AA$12,$AK$5)*$AB$12+COUNTIF($C$13:$AA$13,$AK$5)*$AB$13+COUNTIF($C$14:$AA$14,$AK$5)*$AB$14+COUNTIF($C$15:$AA$15,$AK$5)*$AB$15+COUNTIF($C$16:$AA$16,$AK$5)*$AB$16+COUNTIF($C$17:$AA$17,$AK$5)*$AB$17+COUNTIF($C$18:$AA$18,$AK$5)*$AB$18+COUNTIF($C$19:$AA$19,$AK$5)*$AB$19+COUNTIF($C$20:$AA$20,$AK$5)*$AB$20+COUNTIF($C$21:$AA$21,$AK$5)*$AB$21+COUNTIF($C$22:$AA$22,$AK$5)*$AB$22+COUNTIF($C$23:$AA$23,$AK$5)*$AB$23+COUNTIF($C$24:$AA$24,$AK$5)*$AB$24+COUNTIF($C$25:$AA$25,$AK$5)*$AB$25+COUNTIF($C$26:$AA$26,$AK$5)*$AB$26+COUNTIF($C$27:$AA$27,$AK$5)*$AB$27+COUNTIF($C$28:$AA$28,$AK$5)*$AB$28+COUNTIF($C$29:$AA$29,$AK$5)*$AB$29+COUNTIF($C$30:$AA$30,$AK$5)*$AB$30+COUNTIF($C$31:$AA$31,$AK$5)*$AB$31+COUNTIF($C$32:$AA$32,$AK$5)*$AB$32+COUNTIF($C$33:$AA$33,$AK$5)*$AB$33 -> 11.5 | AL10: =COUNTIF($C$4:$AA$4,$AL$5)*$AB$4+COUNTIF($C$5:$AA$5,$AL$5)*$AB$5+COUNTIF($C$6:$AA$6,$AL$5)*$AB$6+COUNTIF($C$7:$AA$7,$AL$5)*$AB$7+COUNTIF($H$8:$AA$8,$AL$5)*$AB$8+COUNTIF($C$9:$AA$9,$AL$5)*$AB$9+COUNTIF($C$10:$AA$10,$AL$5)*$AB$10+COUNTIF($C$11:$AA$11,$AL$5)*$AB$11+COUNTIF($C$12:$AA$12,$AL$5)*$AB$12+COUNTIF($D$13:$AA$13,$AL$5)*$AB$13+COUNTIF($C$14:$AA$14,$AL$5)*$AB$14+COUNTIF($C$15:$AA$15,$AL$5)*$AB$15+COUNTIF($C$16:$AA$16,$AL$5)*$AB$16+COUNTIF($D$17:$AA$17,$AL$5)*$AB$17+COUNTIF($D$18:$AA$18,$AL$5)*$AB$18+COUNTIF($C$19:$AA$19,$AL$5)*$AB$19+COUNTIF($C$20:$AA$20,$AL$5)*$AB$20+COUNTIF($C$21:$AA$21,$AL$5)*$AB$21+COUNTIF($C$22:$AA$22,$AL$5)*$AB$22+COUNTIF($C$23:$AA$23,$AL$5)*$AB$23+COUNTIF($C$24:$AA$24,$AL$5)*$AB$24+COUNTIF($C$25:$AA$25,$AL$5)*$AB$25+COUNTIF($C$26:$AA$26,$AL$5)*$AB$26+COUNTIF($C$27:$AA$27,$AL$5)*$AB$27+COUNTIF($C$28:$AA$28,$AL$5)*$AB$28+COUNTIF($C$29:$AA$29,$AL$5)*$AB$29+COUNTIF($C$30:$AA$30,$AL$5)*$AB$30+COUNTIF($C$31:$AA$31,$AL$5)*$AB$31+COUNTIF($C$32:$AA$32,$AL$5)*$AB$32+COUNTIF($C$33:$AA$33,$AL$5)*$AB$33 -> 41 | AM10: =COUNTIF($C$4:$AA$4,$AM$5)*$AB$4+COUNTIF($C$5:$AA$5,$AM$5)*$AB$5+COUNTIF($C$6:$AA$6,$AM$5)*$AB$6+COUNTIF($C$7:$AA$7,$AM$5)*$AB$7+COUNTIF($H$8:$AA$8,$AM$5)*$AB$8+COUNTIF($C$9:$AA$9,$AM$5)*$AB$9+COUNTIF($C$10:$AA$10,$AM$5)*$AB$10+COUNTIF($C$11:$AA$11,$AM$5)*$AB$11+COUNTIF($C$12:$AA$12,$AM$5)*$AB$12+COUNTIF($D$13:$AA$13,$AM$5)*$AB$13+COUNTIF($C$14:$AA$14,$AM$5)*$AB$14+COUNTIF($C$15:$AA$15,$AM$5)*$AB$15+COUNTIF($C$16:$AA$16,$AM$5)*$AB$16+COUNTIF($D$17:$AA$17,$AM$5)*$AB$17+COUNTIF($D$18:$AA$18,$AM$5)*$AB$18+COUNTIF($C$19:$AA$19,$AM$5)*$AB$19+COUNTIF($C$20:$AA$20,$AM$5)*$AB$20+COUNTIF($C$21:$AA$21,$AM$5)*$AB$21+COUNTIF($C$22:$AA$22,$AM$5)*$AB$22+COUNTIF($C$23:$AA$23,$AM$5)*$AB$23+COUNTIF($C$24:$AA$24,$AM$5)*$AB$24+COUNTIF($C$25:$AA$25,$AM$5)*$AB$25+COUNTIF($C$26:$AA$26,$AM$5)*$AB$26+COUNTIF($C$27:$AA$27,$AM$5)*$AB$27+COUNTIF($C$28:$AA$28,$AM$5)*$AB$28+COUNTIF($C$29:$AA$29,$AM$5)*$AB$29+COUNTIF($C$30:$AA$30,$AM$5)*$AB$30+COUNTIF($C$31:$AA$31,$AM$5)*$AB$31+COUNTIF($C$32:$AA$32,$AM$5)*$AB$32+COUNTIF($C$33:$AA$33,$AM$5)*$AB$33 -> 4.25 | AN10: =COUNTIF($C$4:$AA$4,$AN$5)*$AB$4+COUNTIF($C$5:$AA$5,$AN$5)*$AB$5+COUNTIF($C$6:$AA$6,$AN$5)*$AB$6+COUNTIF($C$7:$AA$7,$AN$5)*$AB$7+COUNTIF($H$8:$AA$8,$AN$5)*$AB$8+COUNTIF($C$9:$AA$9,$AN$5)*$AB$9+COUNTIF($C$10:$AA$10,$AN$5)*$AB$10+COUNTIF($C$11:$AA$11,$AN$5)*$AB$11+COUNTIF($C$12:$AA$12,$AN$5)*$AB$12+COUNTIF($D$13:$AA$13,$AN$5)*$AB$13+COUNTIF($C$14:$AA$14,$AN$5)*$AB$14+COUNTIF($C$15:$AA$15,$AN$5)*$AB$15+COUNTIF($C$16:$AA$16,$AN$5)*$AB$16+COUNTIF($D$17:$AA$17,$AN$5)*$AB$17+COUNTIF($D$18:$AA$18,$AN$5)*$AB$18+COUNTIF($C$19:$AA$19,$AN$5)*$AB$19+COUNTIF($C$20:$AA$20,$AN$5)*$AB$20+COUNTIF($C$21:$AA$21,$AN$5)*$AB$21+COUNTIF($C$22:$AA$22,$AN$5)*$AB$22+COUNTIF($C$23:$AA$23,$AN$5)*$AB$23+COUNTIF($C$24:$AA$24,$AN$5)*$AB$24+COUNTIF($C$25:$AA$25,$AN$5)*$AB$25+COUNTIF($C$26:$AA$26,$AN$5)*$AB$26+COUNTIF($C$27:$AA$27,$AN$5)*$AB$27+COUNTIF($C$28:$AA$28,$AN$5)*$AB$28+COUNTIF($C$29:$AA$29,$AN$5)*$AB$29+COUNTIF($C$30:$AA$30,$AN$5)*$AB$30+COUNTIF($C$31:$AA$31,$AN$5)*$AB$31+COUNTIF($C$32:$AA$32,$AN$5)*$AB$32+COUNTIF($C$33:$AA$33,$AN$5)*$AB$33 -> 22 | AO10: =COUNTIF($C$4:$AA$4,$AO$5)*$AB$4+COUNTIF($C$5:$AA$5,$AO$5)*$AB$5+COUNTIF($C$6:$AA$6,$AO$5)*$AB$6+COUNTIF($C$7:$AA$7,$AO$5)*$AB$7+COUNTIF($H$8:$AA$8,$AO$5)*$AB$8+COUNTIF($C$9:$AA$9,$AO$5)*$AB$9+COUNTIF($C$10:$AA$10,$AO$5)*0.5*$AB$10+COUNTIF($C$11:$AA$11,$AO$5)*$AB$11+COUNTIF($C$12:$AA$12,$AO$5)*$AB$12+COUNTIF($D$13:$AA$13,$AO$5)*$AB$13+COUNTIF($C$14:$AA$14,$AO$5)*$AB$14+COUNTIF($C$15:$AA$15,$AO$5)*$AB$15+COUNTIF($C$16:$AA$16,$AO$5)*$AB$16+COUNTIF($D$17:$AA$17,$AO$5)*$AB$17+COUNTIF($D$18:$AA$18,$AO$5)*$AB$18+COUNTIF($C$19:$AA$19,$AO$5)*$AB$19+COUNTIF($C$20:$AA$20,$AO$5)*$AB$20+COUNTIF($C$21:$AA$21,$AO$5)*$AB$21+COUNTIF($C$22:$AA$22,$AO$5)*$AB$22+COUNTIF($C$23:$AA$23,$AO$5)*$AB$23+COUNTIF($C$24:$AA$24,$AO$5)*$AB$24+COUNTIF($C$25:$AA$25,$AO$5)*$AB$25+COUNTIF($C$26:$AA$26,$AO$5)*$AB$26+COUNTIF($C$27:$AA$27,$AO$5)*$AB$27+COUNTIF($C$28:$AA$28,$AO$5)*$AB$28+COUNTIF($C$29:$AA$29,$AO$5)*$AB$29+COUNTIF($C$30:$AA$30,$AO$5)*$AB$30+COUNTIF($C$31:$AA$31,$AO$5)*$AB$31+COUNTIF($C$32:$AA$32,$AO$5)*$AB$32+COUNTIF($C$33:$AA$33,$AO$5)*$AB$33 -> 2 | AP10: =COUNTIF($C$4:$AA$4,$AP$5)*$AB$4+COUNTIF($C$5:$AA$5,$AP$5)*$AB$5+COUNTIF($C$6:$AA$6,$AP$5)*$AB$6+COUNTIF($C$7:$AA$7,$AP$5)*$AB$7+COUNTIF($H$8:$AA$8,$AP$5)*$AB$8+COUNTIF($C$9:$AA$9,$AP$5)*$AB$9+COUNTIF($C$10:$AA$10,$AP$5)*$AB$10+COUNTIF($C$11:$AA$11,$AP$5)*$AB$11+COUNTIF($C$12:$AA$12,$AP$5)*$AB$12+COUNTIF($D$13:$AA$13,$AP$5)*$AB$13+COUNTIF($C$14:$AA$14,$AP$5)*$AB$14+COUNTIF($C$15:$AA$15,$AP$5)*$AB$15+COUNTIF($C$16:$AA$16,$AP$5)*$AB$16+COUNTIF($D$17:$AA$17,$AP$5)*$AB$17+COUNTIF($D$18:$AA$18,$AP$5)*$AB$18+COUNTIF($C$19:$AA$19,$AP$5)*$AB$19+COUNTIF($C$20:$AA$20,$AP$5)*$AB$20+COUNTIF($C$21:$AA$21,$AP$5)*$AB$21+COUNTIF($C$22:$AA$22,$AP$5)*$AB$22+COUNTIF($C$23:$AA$23,$AP$5)*$AB$23+COUNTIF($C$24:$AA$24,$AP$5)*$AB$24+COUNTIF($C$25:$AA$25,$AP$5)*$AB$25+COUNTIF($C$26:$AA$26,$AP$5)*$AB$26+COUNTIF($C$27:$AA$27,$AP$5)*$AB$27+COUNTIF($C$28:$AA$28,$AP$5)*$AB$28+COUNTIF($C$29:$AA$29,$AP$5)*$AB$29+COUNTIF($C$30:$AA$30,$AP$5)*$AB$30+COUNTIF($C$31:$AA$31,$AP$5)*$AB$31+COUNTIF($C$32:$AA$32,$AP$5)*$AB$32+COUNTIF($C$33:$AA$33,$AP$5)*$AB$33 -> 26.75 | AQ10: =COUNTIF($C$4:$AA$4,$AQ$5)*$AB$4+COUNTIF($C$5:$AA$5,$AQ$5)*$AB$5+COUNTIF($C$6:$AA$6,$AQ$5)*$AB$6+COUNTIF($C$7:$AA$7,$AQ$5)*$AB$7+COUNTIF($H$8:$AA$8,$AQ$5)*$AB$8+COUNTIF($C$9:$AA$9,$AQ$5)*$AB$9+COUNTIF($C$10:$AA$10,$AQ$5)*$AB$10+COUNTIF($C$11:$AA$11,$AQ$5)*$AB$11+COUNTIF($C$12:$AA$12,$AQ$5)*$AB$12+COUNTIF($D$13:$AA$13,$AQ$5)*$AB$13+COUNTIF($C$14:$AA$14,$AQ$5)*$AB$14+COUNTIF($C$15:$AA$15,$AQ$5)*$AB$15+COUNTIF($C$16:$AA$16,$AQ$5)*$AB$16+COUNTIF($D$17:$AA$17,$AQ$5)*$AB$17+COUNTIF($D$18:$AA$18,$AQ$5)*$AB$18+COUNTIF($C$19:$AA$19,$AQ$5)*$AB$19+COUNTIF($C$20:$AA$20,$AQ$5)*$AB$20+COUNTIF($C$21:$AA$21,$AQ$5)*$AB$21+COUNTIF($C$22:$AA$22,$AQ$5)*$AB$22+COUNTIF($C$23:$AA$23,$AQ$5)*$AB$23+COUNTIF($C$24:$AA$24,$AQ$5)*$AB$24+COUNTIF($C$25:$AA$25,$AQ$5)*$AB$25+COUNTIF($C$26:$AA$26,$AQ$5)*$AB$26+COUNTIF($C$27:$AA$27,$AQ$5)*$AB$27+COUNTIF($C$28:$AA$28,$AQ$5)*$AB$28+COUNTIF($C$29:$AA$29,$AQ$5)*$AB$29+COUNTIF($C$30:$AA$30,$AQ$5)*$AB$30+COUNTIF($C$31:$AA$31,$AQ$5)*$AB$31+COUNTIF($C$32:$AA$32,$AQ$5)*$AB$32+COUNTIF($C$33:$AA$33,$AQ$5)*$AB$33 -> 6 | AR10: =COUNTIF($C$4:$AA$4,$AR$5)*$AB$4+COUNTIF($C$5:$AA$5,$AR$5)*$AB$5+COUNTIF($C$6:$AA$6,$AR$5)*$AB$6+COUNTIF($C$7:$AA$7,$AR$5)*$AB$7+COUNTIF($H$8:$AA$8,$AR$5)*$AB$8+COUNTIF($C$9:$AA$9,$AR$5)*$AB$9+COUNTIF($C$10:$AA$10,$AR$5)*$AB$10+COUNTIF($C$11:$AA$11,$AR$5)*$AB$11+COUNTIF($C$12:$AA$12,$AR$5)*$AB$12+COUNTIF($D$13:$AA$13,$AR$5)*$AB$13+COUNTIF($C$14:$AA$14,$AR$5)*$AB$14+COUNTIF($C$15:$AA$15,$AR$5)*$AB$15+COUNTIF($C$16:$AA$16,$AR$5)*$AB$16+COUNTIF($D$17:$AA$17,$AR$5)*$AB$17+COUNTIF($D$18:$AA$18,$AR$5)*$AB$18+COUNTIF($C$19:$AA$19,$AR$5)*$AB$19+COUNTIF($C$20:$AA$20,$AR$5)*$AB$20+COUNTIF($C$21:$AA$21,$AR$5)*$AB$21+COUNTIF($C$22:$AA$22,$AR$5)*$AB$22+COUNTIF($C$23:$AA$23,$AR$5)*$AB$23+COUNTIF($C$24:$AA$24,$AR$5)*$AB$24+COUNTIF($C$25:$AA$25,$AR$5)*$AB$25+COUNTIF($C$26:$AA$26,$AR$5)*$AB$26+COUNTIF($C$27:$AA$27,$AR$5)*$AB$27+COUNTIF($C$28:$AA$28,$AR$5)*$AB$28+COUNTIF($C$29:$AA$29,$AR$5)*$AB$29+COUNTIF($C$30:$AA$30,$AR$5)*$AB$30+COUNTIF($C$31:$AA$31,$AR$5)*$AB$31+COUNTIF($C$32:$AA$32,$AR$5)*$AB$32+COUNTIF($C$33:$AA$33,$AR$5)*$AB$33 -> 10 | AS10: =AS7*1.25 -> 1.25
A11: 9h | B11: TPE | D11: M | F11: M | H11: M | I11: M | J11: M | K11: M | L11: M | M11: M | N11: M | O11: M | P11: M | Q11: M | R11: M | S11: M | T11: M | U11: M | V11: M | AB11: 1 | AD11: Charge aud./mag. | AH11: =AH7/AH6 -> 5.875 | AI11: =AI7/AI6 -> 6.3571429 | AJ11: =AJ7/AJ6 -> 3 | AK11: =AK7/AK6 -> 9 | AL11: =AL7/AL6 -> 6 | AM11: =AM7/AM6 -> 6 | AN11: =AN7/AN6 -> 3.875 | AO11: =AO7/AO6 -> 2 | ... AS11: =AS7/AS6 -> 1
A12: 13h30 | B12: 12 Coll | N12: S | R12: S | S12: S | T12: S | U12: S | V12: S | W12: S | X12: S | Y12: S | Z12: S | AA12: S | AB12: 1.5 | AD12: Ch. aud. pond./mag. | AE12: =(AE10-AG10)/AE13 -> 6.8484848 | AF12: =AF10/AF13 -> 0 | AH12: =(AH10-4)/AH6 -> 6.125 | AI12: =(AI10)/AI6 -> 6.3214286 | AJ12: =(AJ10)/AJ6 -> 4 | AK12: =(AK10)/AK6 -> 11.5 | AL12: =(AL10-4)/AL6 -> 6.1666667 | AM12: =(AM10)/AM6 -> 4.25 | AN12: =(AN10-3)/AN6 -> 4.75 | AO12: =(AO10)/AO6 -> 2 | AP12: =(AP10-3.25)/AP6 -> 5.875 | AQ12: =AQ10/AQ6 -> 3 | AR12: =(AR10)/AR6 -> 5 | AS12: =AS10/AS6 -> 1.25
A13: 13h30 | B13: 14 JU | O13: E | AB13: 1 | AD13: ETPT de perm/audiences | AE13: 33 | AF13: 1 | AH13: 8 | AI13: 7 | AJ13: 1 | AK13: 2 | AL13: 6 | AM13: 7 | AN13: 4 | AO13: 1 | AP13: 4 | AQ13: 2 | AR13: 2 | AS13: 1
A14: 13h30 | B14: 14 Coll | H14: E | I14: E | J14: E | K14: E | L14: E | M14: E | N14: E | P14: E | Q14: E | AB14: 1.5 | AD14: total 1/2 journées (hors Hier.) | AE14: =(AE6-7)*25 -> 825 | AF14: =AF6*25 -> 25 | AG14: =AG6*25 -> 75 | AH14: =AH6*25 -> 200 | AI14: =AI6*25 -> 175 | AJ14: =AJ6*25 -> 25 | AK14: =AK6*25 -> 25 | AL14: =AL6*25 -> 150 | AM14: =AM6*25 -> 25 | ... AS14: =AS6*25 -> 25
AB15: 1 | AD15: 1/2 jour perm. (en semaine) | AE15: =AH15+AI15+AL15+AN15+AP15+AR15 -> 400 | AH15: =25*2*2 -> 100 | AI15: =25*2*2 -> 100 | AL15: =25*2 -> 50 | AM15: =25*2 -> 50 | AN15: =25*2 -> 50 | AP15: =25*2 -> 50 | AR15: =25*2 -> 50
A16: 13h30 | B16: 15 Coll | R16: E | S16: E | T16: E | U16: E | V16: E | X16: E | Y16: E | Z16: E | AA16: E | AB16: 1.5 | AD16: 1/2 journée perm/mag. | AE16: =(AE15-9)/AE6 -> 9.775 | AH16: =AH15/AH6 -> 12.5 | AI16: =AI15/AI6 -> 14.285714 | AL16: =AL15/AL6 -> 8.3333333 | AM16: =AM15/AM6 -> 50 | AN16: =AN15/AN6 -> 12.5 | AP16: =AP15/AP6 -> 12.5 | AQ16: =AQ15/AQ6 -> 0 | AR16: =AR15/AR6 -> 25 | AS16: =AS15/AS6 -> 0
A17: 13h30 | B17: 16 – CI | C17: MP | D17: A | E17: S | F17: A | G17: A | H17: E | I17: MP | J17: P | K17: P | L17: P | M17: N | N17: A | O17: C | P17: A | Q17: A | R17: A | S17: A | T17: N | U17: N | V17: M | W17: SG | X17: N | Y17: M | Z17: MP | AA17: A | AB17: 1.5 | AD17: total 1/2 journées cabinet | AE17: =AE14-AE10-AE15 -> 176.375 | AH17: =AH14-AH10-AH15 -> 47 | AI17: =AI14-AI10-AI15 -> 30.75 | AL17: =AL14-AL10-AL15 -> 59 | AM17: =AM14-AM10-AM15 -> -29.25 | AN17: =AN14-AN10-AN15 -> 28 | AP17: =AP14-AP10-AP15 -> 23.25 | AQ17: =AQ14-AQ10-AQ15 -> 44 | AR17: =AR14-AR10-AR15 -> -10 | AS17: =AS14-AS10-AS15 -> 23.75
A18: 13h30 | B18: 17 Coll | H18: J | J18: J | AB18: 1 | AD18: 1/2 cab/magistrat (perm. Prélim. Incluse) | AE18: =AE17/33 -> 5.344697 | AH18: =AH17/AH6 -> 5.875 | AI18: =AI17/AI6 -> 4.3928571 | AL18: =AL17/AL6 -> 9.8333333 | AM18: =AM17/AM6 -> -29.25 | AN18: =AN17/AN6 -> 7 | AP18: =AP17/AP6 -> 5.8125 | AQ18: =AQ17/AQ6 -> 22 | AR18: =AR17/AR6 -> -5 | AS18: =AS17/AS6 -> 23.75
A19: 13h30 | B19: 18 Coll | C19: A | E19: A | H19: A | I19: A | J19: A | K19: A | L19: V | R19: A | S19: A | T19: A | U19: S | V19: V | AB19: 1.5 | AD19: Jours de cab/mois/mag. | AE19: =AE18/2 -> 2.6723485 | AH19: =AH18/2 -> 2.9375 | AI19: =AI18/2 -> 2.1964286 | AL19: =AL18/2 -> 4.9166667 | AM19: =AM18/2 -> -14.625 | AN19: =AN18/2 -> 3.5 | AP19: =AP18/2 -> 2.90625 | AR19: =AR18/2 -> -2.5
A20: 13h30 | B20: 20 Coll | C20: M | D20: M | E20: M | F20: M | G20: MP | M20: MP | O20: M | Q20: M | AB20: 1.5
A22: 13h30 | B22: T.Police | E22: MTT | AB22: 0.5
A23: 13h30 | B23: TPE | D23: M | H23: M | I23: M | J23: M | K23: M | L23: M | M23: M | N23: M | O23: M | P23: M | Q23: M | R23: M | S23: M | T23: M | U23: M | V23: M | AB23: 0.75
A24: 9h30 | B24: Aud. Civ. | H24: C | J24: C | K24: C | AB24: 0.5
A25: 13h30 | B25: Aud. Civ. | C25: C | I25: C | M25: C | T25: C | AB25: 0.5 | AE25: Attributions des PRA : | AK25: Avec pdt°
A26: 9h | B26: CAP | H26: P | R26: P | S26: P | T26: P | U26: P | AB26: 0.75 | AD26: PR | AK26: 0
A27: 13h30 | B27: CAP | R27: P | S27: P | T27: P | U27: P | AB27: 0.75 | AD27: PRA-D1 | AE27: 2 CI+ 1 Coll 18ème ou 4 jours de permanence 1ère ligne | AK27: =2*1.25+1.5 -> 4
A28: 13h30 | B28: DCMO | C28: P | D28: P | E28: P | F28: P | G28: P | M28: P | N28: P | O28: P | P28: P | Q28: P | AB28: 1 | AD28: PRA-D2 | AE28: 2 Tcom + 2 aud. Proc. Coll. Civ. + 1 Coll 15ème | AK28: =2*0.5+2*0.75+1.5 -> 4
A29: 14h | B29: DCMF | R29: P | S29: P | T29: P | U29: P | V29: P | AB29: 1 | AD29: PRA-D3 | AE29: 3 audiences Coll FSI | AK29: 4
A30: 13h30 | B30: CJ | X30: P | AB30: 0.5 | AD30: PRA-D4 | AE30: 2 aud. 17ème Coll Presse + 2 coll | AK30: 5
A31: 9h | B31: TJ | X31: E | Z31: E | AB31: 0.5 | AD31: PRA-D5 | AE31: 1 CI, 1 DCMF + 1 DCMO | AK31: =1.25+1+1 -> 3.25
A32: 9h | B32: T Com | H32: MTT | I32: MTT | J32: MTT | K32: MTT | L32: MTT | M32: E | N32: E | O32: E | P32: E | Q32: E | R32: E | S32: E | T32: E | U32: E | V32: E | AB32: 0.75 | AD32: SG | AE32: 1 CI/mois (2ème vendredi) | AK32: 1.25
A33: 13h30 | B33: T Com | H33: E | T33: E | AB33: 0.75
B34: Occurrence 5ème du mois/2025 : | G34: =3/10 -> 0.3 | L34: =2/10 -> 0.2 | Q34: =3/10 -> 0.3 | V34: =2/10 -> 0.2 | AA34: =3/10 -> 0.3
B36: Audiences infractions commises par FSI (V. DENEUX)
B37: Audiences infractions droit de la presse (JP OUALID)
B39: Pondération :
B40: 1 JU = 1 audience civile = 1 CAP/DCMF = 1 TPE (d’une demi-journée) = 1 journée
B41: D5 : A voir les CAP LSC = 1 jour
B42: 1 CRPC = 1 Tpol = 1 audience procédures collectives TJ = 0,5 journée
B43: 1 Tcom = 1 CAP = 0,75 journée
B44: 1 Coll = 1,5 journées
B45: 1 CI = 1,5 journée (compte tenu de la tardiveté)
B46: 1 journée d’assises = 2 jour (1 jour de prépa + 1 jour d’audience si le parquetier n’est pas le régleur= ou 1,5 jour (si c’est le régleur)
B47: Audiences spéciales : même calcul que pour les journées d’assises ?

Sheet Proposition
B1: Tableau de répartition des audiences entre les divisions du parquet (réforme audiencement 2025) | AF1: PR | AG1: PRA | AH1: PAP | AI1: PMF | AJ1: DEF | AK1: COFAC | AL1: EP | AM1: PCC | AN1: Civil | AO1: SG
E2: LUNDI | J2: MARDI | O2: MERCREDI | T2: JEUDI | Y2: VENDREDI | AB2: Pond. | AE2: Parquet | AF2: PR | AG2: PRA | AH2: A | AI2: M | AJ2: E | AK2: S | AL2: P | AM2: N | AN2: C | AO2: SG
C3: 1 | D3: 2 | E3: 3 | F3: 4 | G3: 5 | H3: 1 | I3: 2 | J3: 3 | K3: 4 | L3: 5 | M3: 1 | N3: 2 | O3: 3 | P3: 4 | Q3: 5 | R3: 1 | S3: 2 | T3: 3 | U3: 4 | V3: 5 | W3: 1 | X3: 2 | Y3: 3 | Z3: 4 | AA3: 5 | AD3: ETPT mag. Parquet | AE3: 39 | AF3: 1 | AG3: 5 | AH3: 8 | AI3: 6.3 | AJ3: 6 | AK3: 4 | AL3: 4 | AM3: 2 | AN3: 2 | AO3: 1
A4: 9h | B4: 11 JU | C4: A | D4: A | F4: A | G4: A | J4: A | K4: A | L4: A | AB4: =1 -> 1 | AD4: ETPT de perm/audiences | AE4: 33 | AF4: 1 | AH4: 8 | AI4: 6 | AJ4: 6 | AK4: 4 | AL4: 4 | AM4: 2 | AN4: 2 | AO4: 1
A5: 9h | B5: 11 Coll | I5: A | AB5: 1.5 | AD5: total 1/2 journées (hors Hier.) | AE5: =(AE3-7)*25 -> 800 | AF5: =AF3*25 -> 25 | AG5: =AG3*25 -> 125 | AH5: =AH3*25 -> 200 | AI5: =AI3*25 -> 157.5 | AJ5: =AJ3*25 -> 150 | AK5: =AK3*25 -> 100 | AL5: =AL3*25 -> 100 | AM5: =AM3*25 -> 50 | ... AO5: =AO3*25 -> 25
A6: 9h | B6: 12 JU | W6: A | Y6: A | Z6: A | AA6: A | AB6: 1
A7: 9h | B7: 18 JU | H7: A | I7: A | J7: A | K7: A | L7: A | M7: S | N7: A | O7: A | P7: A | Q7: A | W7: E | X7: A | Y7: A | Z7: C | AA7: A | AB7: 1 | AD7: 1/2 j d'audiences (Tcorr, TPE, Tpol, Tcom.) | AE7: 156 | AF7: =(COUNTIF($C$4:$AA$33,$AF$2)) -> 5 | AH7: =(COUNTIF($C$4:$AA$33,$AH$2)) -> 53 | AI7: =(COUNTIF($C$4:$AA$33,$AI$2)) -> 46 | AJ7: =(COUNTIF($C$4:$AA$33,$AJ$2)) -> 41 | AK7: =(COUNTIF($C$4:$AA$33,"S")) -> 18 | AL7: =(COUNTIF($C$4:$AA$33,"P")) -> 29 | AM7: =(COUNTIF($C$4:$AA$33,"N")) -> 4 | AN7: =(COUNTIF($C$4:$AA$33,"C")) -> 15 | AO7: =(COUNTIF($C$4:$AA$33,"SG")) -> 1
A8: 9h | B8: 20 JU | H8: A | I8: S | K8: S | L8: S | N8: PR | R8: A | S8: A | T8: A | U8: A | V8: A | AB8: 1 | AD8: Pondération (jour) | AE8: =AH8+AI8+AJ8+AK8+AL8+AN8+AF8+AM8+AO8 -> 223 | AF8: =COUNTIF($C$4:$AA$4,$AF$2)*$AB$4+COUNTIF($C$5:$AA$5,$AF$2)*$AB$5+COUNTIF($C$6:$AA$6,$AF$2)*$AB$6+COUNTIF($C$7:$AA$7,$AF$2)*$AB$7+COUNTIF($C$8:$AA$8,$AF$2)*$AB$8+COUNTIF($C$9:$AA$9,$AF$2)*$AB$9+COUNTIF($C$10:$AA$10,$AF$2)*$AB$10+COUNTIF($C$11:$AA$11,$AF$2)*$AB$11+COUNTIF($C$12:$AA$12,$AF$2)*$AB$12+COUNTIF($C$13:$AA$13,$AF$2)*$AB$13+COUNTIF($C$14:$AA$14,$AF$2)*$AB$14+COUNTIF($C$15:$AA$15,$AF$2)*$AB$15+COUNTIF($C$16:$AA$16,$AF$2)*$AB$16+COUNTIF($C$17:$AA$17,$AF$2)*$AB$17+COUNTIF($C$18:$AA$18,$AF$2)*$AB$18+COUNTIF($C$19:$AA$19,$AF$2)*$AB$19+COUNTIF($C$20:$AA$20,$AF$2)*$AB$20+COUNTIF($C$21:$AA$21,$AF$2)*$AB$21+COUNTIF($C$22:$AA$22,$AF$2)*$AB$22+COUNTIF($C$23:$AA$23,$AF$2)*$AB$23+COUNTIF($C$24:$AA$24,$AF$2)*$AB$24+COUNTIF($C$25:$AA$25,$AF$2)*$AB$25+COUNTIF($C$26:$AA$26,$AF$2)*$AB$26+COUNTIF($C$27:$AA$27,$AF$2)*$AB$27+COUNTIF($C$28:$AA$28,$AF$2)*$AB$28+COUNTIF($C$29:$AA$29,$AF$2)*$AB$29+COUNTIF($C$30:$AA$30,$AF$2)*$AB$30+COUNTIF($C$31:$AA$31,$AF$2)*$AB$31+COUNTIF($C$32:$AA$32,$AF$2)*$AB$32+COUNTIF($C$33:$AA$33,$AF$2)*$AB$33 -> 3 | AG8: =4+4+4.25+7.125+3.25 -> 22.625 | AH8: =COUNTIF($C$4:$AA$4,$AH$2)*$AB$4+COUNTIF($C$5:$AA$5,$AH$2)*$AB$5+COUNTIF($C$6:$AA$6,$AH$2)*$AB$6+COUNTIF($C$7:$AA$7,$AH$2)*$AB$7+COUNTIF($C$8:$AA$8,$AH$2)*$AB$8+COUNTIF($C$9:$AA$9,$AH$2)*$AB$9+COUNTIF($C$10:$AA$10,$AH$2)*$AB$10+COUNTIF($C$11:$AA$11,$AH$2)*$AB$11+COUNTIF($C$12:$AA$12,$AH$2)*$AB$12+COUNTIF($C$13:$AA$13,$AH$2)*$AB$13+COUNTIF($C$14:$AA$14,$AH$2)*$AB$14+COUNTIF($C$15:$AA$15,$AH$2)*$AB$15+COUNTIF($C$16:$AA$16,$AH$2)*$AB$16+COUNTIF($C$17:$AA$17,$AH$2)*$AB$17+COUNTIF($C$18:$AA$18,$AH$2)*$AB$18+COUNTIF($C$19:$AA$19,$AH$2)*$AB$19+COUNTIF($C$20:$AA$20,$AH$2)*$AB$20+COUNTIF($C$21:$AA$21,$AH$2)*$AB$21+COUNTIF($C$22:$AA$22,$AH$2)*$AB$22+COUNTIF($C$23:$AA$23,$AH$2)*$AB$23+COUNTIF($C$24:$AA$24,$AH$2)*$AB$24+COUNTIF($C$25:$AA$25,$AH$2)*$AB$25+COUNTIF($C$26:$AA$26,$AH$2)*$AB$26+COUNTIF($C$27:$AA$27,$AH$2)*$AB$27+COUNTIF($C$28:$AA$28,$AH$2)*$AB$28+COUNTIF($C$29:$AA$29,$AH$2)*$AB$29+COUNTIF($C$30:$AA$30,$AH$2)*$AB$30+COUNTIF($C$31:$AA$31,$AH$2)*$AB$31+COUNTIF($C$32:$AA$32,$AH$2)*$AB$32+COUNTIF($C$33:$AA$33,$AH$2)*$AB$33 -> 58.5 | AI8: =COUNTIF($C$4:$AA$4,$AI$2)*$AB$4+COUNTIF($C$5:$AA$5,$AI$2)*$AB$5+COUNTIF($C$6:$AA$6,$AI$2)*$AB$6+COUNTIF($C$7:$AA$7,$AI$2)*$AB$7+COUNTIF($H$8:$AA$8,$AI$2)*$AB$8+COUNTIF($C$9:$AA$9,$AI$2)*$AB$9+COUNTIF($C$10:$AA$10,$AI$2)*0.5*$AB$10+COUNTIF($C$11:$AA$11,$AI$2)*$AB$11+COUNTIF($C$12:$AA$12,$AI$2)*$AB$12+COUNTIF($D$13:$AA$13,$AI$2)*$AB$13+COUNTIF($C$14:$AA$14,$AI$2)*$AB$14+COUNTIF($C$15:$AA$15,$AI$2)*$AB$15+COUNTIF($C$16:$AA$16,$AI$2)*$AB$16+COUNTIF($C$17:$AA$17,$AI$2)*$AB$17+COUNTIF($D$18:$AA$18,$AI$2)*$AB$18+COUNTIF($C$19:$AA$19,$AI$2)*$AB$19+COUNTIF($C$20:$AA$20,$AI$2)*$AB$20+COUNTIF($C$21:$AA$21,$AI$2)*$AB$21+COUNTIF($C$22:$AA$22,$AI$2)*$AB$22+COUNTIF($C$23:$AA$23,$AI$2)*$AB$23+COUNTIF($C$24:$AA$24,$AI$2)*$AB$24+COUNTIF($C$25:$AA$25,$AI$2)*$AB$25+COUNTIF($C$26:$AA$26,$AI$2)*$AB$26+COUNTIF($C$27:$AA$27,$AI$2)*$AB$27+COUNTIF($C$28:$AA$28,$AI$2)*$AB$28+COUNTIF($C$29:$AA$29,$AI$2)*$AB$29+COUNTIF($C$30:$AA$30,$AI$2)*$AB$30+COUNTIF($C$31:$AA$31,$AI$2)*$AB$31+COUNTIF($C$32:$AA$32,$AI$2)*$AB$32+COUNTIF($C$33:$AA$33,$AI$2)*$AB$33 -> 45 | AJ8: =COUNTIF($C$4:$AA$4,$AJ$2)*$AB$4+COUNTIF($C$5:$AA$5,$AJ$2)*$AB$5+COUNTIF($C$6:$AA$6,$AJ$2)*$AB$6+COUNTIF($C$7:$AA$7,$AJ$2)*$AB$7+COUNTIF($H$8:$AA$8,$AJ$2)*$AB$8+COUNTIF($C$9:$AA$9,$AJ$2)*$AB$9+COUNTIF($C$10:$AA$10,$AJ$2)*$AB$10+COUNTIF($C$11:$AA$11,$AJ$2)*$AB$11+COUNTIF($C$12:$AA$12,$AJ$2)*$AB$12+COUNTIF($D$13:$AA$13,$AJ$2)*$AB$13+COUNTIF($C$14:$AA$14,$AJ$2)*$AB$14+COUNTIF($C$15:$AA$15,$AJ$2)*$AB$15+COUNTIF($C$16:$AA$16,$AJ$2)*$AB$16+COUNTIF($C$17:$AA$17,$AJ$2)*$AB$17+COUNTIF($D$18:$AA$18,$AJ$2)*$AB$18+COUNTIF($C$19:$AA$19,$AJ$2)*$AB$19+COUNTIF($C$20:$AA$20,$AJ$2)*$AB$20+COUNTIF($C$21:$AA$21,$AJ$2)*$AB$21+COUNTIF($C$22:$AA$22,$AJ$2)*$AB$22+COUNTIF($C$23:$AA$23,$AJ$2)*$AB$23+COUNTIF($C$24:$AA$24,$AJ$2)*$AB$24+COUNTIF($C$25:$AA$25,$AJ$2)*$AB$25+COUNTIF($C$26:$AA$26,$AJ$2)*$AB$26+COUNTIF($C$27:$AA$27,$AJ$2)*$AB$27+COUNTIF($C$28:$AA$28,$AJ$2)*$AB$28+COUNTIF($C$29:$AA$29,$AJ$2)*$AB$29+COUNTIF($C$30:$AA$30,$AJ$2)*$AB$30+COUNTIF($C$31:$AA$31,$AJ$2)*$AB$31+COUNTIF($C$32:$AA$32,$AJ$2)*$AB$32+COUNTIF($C$33:$AA$33,$AJ$2)*$AB$33 -> 44 | AK8: =COUNTIF($C$4:$AA$4,$AK$2)*$AB$4+COUNTIF($C$5:$AA$5,$AK$2)*$AB$5+COUNTIF($C$6:$AA$6,$AK$2)*$AB$6+COUNTIF($C$7:$AA$7,$AK$2)*$AB$7+COUNTIF($H$8:$AA$8,$AK$2)*$AB$8+COUNTIF($C$9:$AA$9,$AK$2)*$AB$9+COUNTIF($C$10:$AA$10,$AK$2)*$AB$10+COUNTIF($C$11:$AA$11,$AK$2)*$AB$11+COUNTIF($C$12:$AA$12,$AK$2)*$AB$12+COUNTIF($D$13:$AA$13,$AK$2)*$AB$13+COUNTIF($C$14:$AA$14,$AK$2)*$AB$14+COUNTIF($C$15:$AA$15,$AK$2)*$AB$15+COUNTIF($C$16:$AA$16,$AK$2)*$AB$16+COUNTIF($C$17:$AA$17,$AK$2)*$AB$17+COUNTIF($D$18:$AA$18,$AK$2)*$AB$18+COUNTIF($C$19:$AA$19,$AK$2)*$AB$19+COUNTIF($C$20:$AA$20,$AK$2)*$AB$20+COUNTIF($C$21:$AA$21,$AK$2)*$AB$21+COUNTIF($C$22:$AA$22,$AK$2)*$AB$22+COUNTIF($C$23:$AA$23,$AK$2)*$AB$23+COUNTIF($C$24:$AA$24,$AK$2)*$AB$24+COUNTIF($C$25:$AA$25,$AK$2)*$AB$25+COUNTIF($C$26:$AA$26,$AK$2)*$AB$26+COUNTIF($C$27:$AA$27,$AK$2)*$AB$27+COUNTIF($C$28:$AA$28,$AK$2)*$AB$28+COUNTIF($C$29:$AA$29,$AK$2)*$AB$29+COUNTIF($C$30:$AA$30,$AK$2)*$AB$30+COUNTIF($C$31:$AA$31,$AK$2)*$AB$31+COUNTIF($C$32:$AA$32,$AK$2)*$AB$32+COUNTIF($C$33:$AA$33,$AK$2)*$AB$33 -> 24.75 | AL8: =COUNTIF($C$4:$AA$4,$AL$2)*$AB$4+COUNTIF($C$5:$AA$5,$AL$2)*$AB$5+COUNTIF($C$6:$AA$6,$AL$2)*$AB$6+COUNTIF($C$7:$AA$7,$AL$2)*$AB$7+COUNTIF($H$8:$AA$8,$AL$2)*$AB$8+COUNTIF($C$9:$AA$9,$AL$2)*$AB$9+COUNTIF($C$10:$AA$10,$AL$2)*$AB$10+COUNTIF($C$11:$AA$11,$AL$2)*$AB$11+COUNTIF($C$12:$AA$12,$AL$2)*$AB$12+COUNTIF($D$13:$AA$13,$AL$2)*$AB$13+COUNTIF($C$14:$AA$14,$AL$2)*$AB$14+COUNTIF($C$15:$AA$15,$AL$2)*$AB$15+COUNTIF($C$16:$AA$16,$AL$2)*$AB$16+COUNTIF($C$17:$AA$17,$AL$2)*$AB$17+COUNTIF($D$18:$AA$18,$AL$2)*$AB$18+COUNTIF($C$19:$AA$19,$AL$2)*$AB$19+COUNTIF($C$20:$AA$20,$AL$2)*$AB$20+COUNTIF($C$21:$AA$21,$AL$2)*$AB$21+COUNTIF($C$22:$AA$22,$AL$2)*$AB$22+COUNTIF($C$23:$AA$23,$AL$2)*$AB$23+COUNTIF($C$24:$AA$24,$AL$2)*$AB$24+COUNTIF($C$25:$AA$25,$AL$2)*$AB$25+COUNTIF($C$26:$AA$26,$AL$2)*$AB$26+COUNTIF($C$27:$AA$27,$AL$2)*$AB$27+COUNTIF($C$28:$AA$28,$AL$2)*$AB$28+COUNTIF($C$29:$AA$29,$AL$2)*$AB$29+COUNTIF($C$30:$AA$30,$AL$2)*$AB$30+COUNTIF($C$31:$AA$31,$AL$2)*$AB$31+COUNTIF($C$32:$AA$32,$AL$2)*$AB$32+COUNTIF($C$33:$AA$33,$AL$2)*$AB$33 -> 27.25 | AM8: =COUNTIF($C$4:$AA$4,$AM$2)*$AB$4+COUNTIF($C$5:$AA$5,$AM$2)*$AB$5+COUNTIF($C$6:$AA$6,$AM$2)*$AB$6+COUNTIF($C$7:$AA$7,$AM$2)*$AB$7+COUNTIF($H$8:$AA$8,$AM$2)*$AB$8+COUNTIF($C$9:$AA$9,$AM$2)*$AB$9+COUNTIF($C$10:$AA$10,$AM$2)*$AB$10+COUNTIF($C$11:$AA$11,$AM$2)*$AB$11+COUNTIF($C$12:$AA$12,$AM$2)*$AB$12+COUNTIF($D$13:$AA$13,$AM$2)*$AB$13+COUNTIF($C$14:$AA$14,$AM$2)*$AB$14+COUNTIF($C$15:$AA$15,$AM$2)*$AB$15+COUNTIF($C$16:$AA$16,$AM$2)*$AB$16+COUNTIF($C$17:$AA$17,$AM$2)*$AB$17+COUNTIF($D$18:$AA$18,$AM$2)*$AB$18+COUNTIF($C$19:$AA$19,$AM$2)*$AB$19+COUNTIF($C$20:$AA$20,$AM$2)*$AB$20+COUNTIF($C$21:$AA$21,$AM$2)*$AB$21+COUNTIF($C$22:$AA$22,$AM$2)*$AB$22+COUNTIF($C$23:$AA$23,$AM$2)*$AB$23+COUNTIF($C$24:$AA$24,$AM$2)*$AB$24+COUNTIF($C$25:$AA$25,$AM$2)*$AB$25+COUNTIF($C$26:$AA$26,$AM$2)*$AB$26+COUNTIF($C$27:$AA$27,$AM$2)*$AB$27+COUNTIF($C$28:$AA$28,$AM$2)*$AB$28+COUNTIF($C$29:$AA$29,$AM$2)*$AB$29+COUNTIF($C$30:$AA$30,$AM$2)*$AB$30+COUNTIF($C$31:$AA$31,$AM$2)*$AB$31+COUNTIF($C$32:$AA$32,$AM$2)*$AB$32+COUNTIF($C$33:$AA$33,$AM$2)*$AB$33 -> 5 | AN8: =COUNTIF($C$4:$AA$4,$AN$2)*$AB$4+COUNTIF($C$5:$AA$5,$AN$2)*$AB$5+COUNTIF($C$6:$AA$6,$AN$2)*$AB$6+COUNTIF($C$7:$AA$7,$AN$2)*$AB$7+COUNTIF($H$8:$AA$8,$AN$2)*$AB$8+COUNTIF($C$9:$AA$9,$AN$2)*$AB$9+COUNTIF($C$10:$AA$10,$AN$2)*$AB$10+COUNTIF($C$11:$AA$11,$AN$2)*$AB$11+COUNTIF($C$12:$AA$12,$AN$2)*$AB$12+COUNTIF($D$13:$AA$13,$AN$2)*$AB$13+COUNTIF($C$14:$AA$14,$AN$2)*$AB$14+COUNTIF($C$15:$AA$15,$AN$2)*$AB$15+COUNTIF($C$16:$AA$16,$AN$2)*$AB$16+COUNTIF($C$17:$AA$17,$AN$2)*$AB$17+COUNTIF($D$18:$AA$18,$AN$2)*$AB$18+COUNTIF($C$19:$AA$19,$AN$2)*$AB$19+COUNTIF($C$20:$AA$20,$AN$2)*$AB$20+COUNTIF($C$21:$AA$21,$AN$2)*$AB$21+COUNTIF($C$22:$AA$22,$AN$2)*$AB$22+COUNTIF($C$23:$AA$23,$AN$2)*$AB$23+COUNTIF($C$24:$AA$24,$AN$2)*$AB$24+COUNTIF($C$25:$AA$25,$AN$2)*$AB$25+COUNTIF($C$26:$AA$26,$AN$2)*$AB$26+COUNTIF($C$27:$AA$27,$AN$2)*$AB$27+COUNTIF($C$28:$AA$28,$AN$2)*$AB$28+COUNTIF($C$29:$AA$29,$AN$2)*$AB$29+COUNTIF($C$30:$AA$30,$AN$2)*$AB$30+COUNTIF($C$31:$AA$31,$AN$2)*$AB$31+COUNTIF($C$32:$AA$32,$AN$2)*$AB$32+COUNTIF($C$33:$AA$33,$AN$2)*$AB$33 -> 14.25 | AO8: =AO7*1.25 -> 1.25
A9: 9h | B9: 21 Coll | AB9: 1.5 | AD9: Charge aud./mag. | AH9: =AH7/AH3 -> 6.625 | AI9: =AI7/AI3 -> 7.3015873 | AJ9: =AJ7/AJ3 -> 6.8333333 | AK9: =AK7/AK3 -> 4.5 | AL9: =AL7/AL3 -> 7.25 | AM9: =AM7/AM3 -> 2 | AN9: =AN7/AN3 -> 7.5 | AO9: =AO7/AO3 -> 1
A10: 9h | B10: CRPC | M10: PR | N10: E | O10: PR | P10: PR | Q10: PR | R10: A | S10: M | T10: A | AB10: 0.5 | AD10: Ch. aud. pond./mag. | AE10: =(AE8-AG8)/AE4 -> 6.0719697 | AF10: =AF8/AF4 -> 3 | AH10: =(AH8-4)/AH4 -> 6.8125 | AI10: =(AI8-2.75)/AI3 -> 6.7063492 | AJ10: =(AJ8-4)/AJ4 -> 6.6666667 | AK10: =(AK8-7.125)/AK4 -> 4.40625 | AL10: =(AL8-3.25)/AL4 -> 6 | AM10: =AM8/AM4 -> 2.5 | AN10: =(AN8-1.25)/AN4 -> 6.5 | AO10: =AO8/AO4 -> 1.25
A11: 9h | B11: TPE | D11: M | F11: M | H11: M | I11: M | J11: M | K11: M | L11: M | M11: M | N11: M | O11: M | P11: M | Q11: M | R11: M | S11: M | T11: M | U11: M | V11: M | W11: M | Y11: M | Z11: M | AA11: M | AB11: 1 | AD11: 1/2 jour perm. de semaine | AE11: =AH11+AI11+AJ11+AK11+AL11+AN11 -> 400 | AH11: =25*2*2 -> 100 | AI11: =25*2*2 -> 100 | AJ11: =25*2 -> 50 | AK11: =25*2 -> 50 | AL11: =25*2 -> 50 | AN11: =25*2 -> 50
A12: 13h30 | B12: 12 Coll | N12: S | R12: S | S12: S | T12: S | U12: S | V12: S | W12: S | X12: S | Y12: S | Z12: S | AA12: S | AB12: 1.5 | AD12: 1/2 journée perm/mag. | AE12: =(AE11-9)/AE3 -> 10.025641 | AF12: =AF11/AF3 -> 0 | AH12: =AH11/AH3 -> 12.5 | AI12: =AI11/AI3 -> 15.873016 | AJ12: =AJ11/AJ3 -> 8.3333333 | AK12: =AK11/AK3 -> 12.5 | AL12: =AL11/AL3 -> 12.5 | AM12: =AM11/AM3 -> 0 | AN12: =AN11/AN3 -> 25 | AO12: =AO11/AO3 -> 0
A13: 13h30 | B13: 14 JU | H13: E | AB13: 1 | AD13: total 1/2 journées cabinet | AE13: =AE5-AE8-AE11 -> 177 | AH13: =AH5-AH8-AH11 -> 41.5 | AI13: =AI5-AI8-AI11 -> 12.5 | AJ13: =AJ5-AJ8-AJ11 -> 56 | AK13: =AK5-AK8-AK11 -> 25.25 | AL13: =AL5-AL8-AL11 -> 22.75 | AM13: =AM5-AM8-AM11 -> 45 | AN13: =AN5-AN8-AN11 -> -14.25 | AO13: =AO5-AO8-AO11 -> 23.75
A14: 13h30 | B14: 14 Coll | I14: E | J14: E | K14: E | L14: E | M14: E | N14: E | O14: E | P14: E | Q14: E | AB14: 1.5 | AD14: 1/2 cab/magistrat | AE14: =AE13/33 -> 5.3636364 | AH14: =AH13/AH3 -> 5.1875 | AI14: =AI13/AI3 -> 1.984127 | AJ14: =AJ13/AJ3 -> 9.3333333 | AK14: =AK13/AK3 -> 6.3125 | AL14: =AL13/AL3 -> 5.6875 | AM14: =AM13/AM3 -> 22.5 | AN14: =AN13/AN3 -> -7.125 | AO14: =AO13/AO3 -> 23.75
A15: 13h30 | B15: 15 JU | R15: E | AB15: 1 | AD15: Jours de cab/mois/mag. | AE15: =AE14/2 -> 2.6818182 | AH15: =AH14/2 -> 2.59375 | AI15: =AI14/2 -> 0.99206349 | AJ15: =AJ14/2 -> 4.6666667 | AK15: =AK14/2 -> 3.15625 | AL15: =AL14/2 -> 2.84375 | AN15: =AN14/2 -> -3.5625
A16: 13h30 | B16: 15 Coll | S16: E | T16: E | U16: E | V16: E | X16: E | Y16: E | Z16: E | AA16: E | AB16: 1.5
A17: 13h30 | B17: 16 – CI | C17: A | D17: A | E17: S | F17: A | G17: A | H17: E | I17: P | J17: P | K17: P | L17: P | M17: A | N17: A | O17: A | P17: A | Q17: A | R17: C | S17: N | T17: M | U17: N | V17: C | W17: N | X17: SG | Y17: C | Z17: N | AA17: A | AB17: 1.25
A18: 13h30 | B18: 17 Coll | H18: S | J18: S | AB18: 1.5
A19: 13h30 | B19: 18 Coll | D19: A | F19: A | H19: A | I19: A | J19: A | K19: A | L19: A | R19: A | S19: C | T19: C | U19: C | V19: A | AB19: 1.5
A20: 13h30 | B20: 20 Coll | C20: C | D20: M | E20: M | F20: M | G20: M | M20: M | O20: M | Q20: M | AB20: 1.5
A21: 13h30 | B21: 21 Coll | AB21: 1.5 | AD21: 1 JU = 1 audience civile = 1 CAP/DCMF = 1 TPE (d’une demi-journée) = 1 journée
A22: 13h30 | B22: T.Police | C22: A | E22: A | AB22: 0.5 | AD22: D5 : A voir les CAP LSC = 1 jour
A23: 13h30 | B23: TPE | D23: M | H23: M | I23: M | J23: M | K23: M | L23: M | M23: M | N23: M | O23: M | P23: M | Q23: M | R23: M | S23: M | T23: M | U23: M | V23: M | AB23: 0.75 | AD23: 1 CRPC = 1 Tpol = 1 audience procédures collectives TJ = 0,5 journée
A24: 9h30 | B24: Aud. Civ. | H24: C | J24: C | K24: C | AB24: 0.5 | AD24: 1 Tcom = 1 CAP = 0,75 journée
A25: 13h30 | B25: Aud. Civ. | C25: C | E25: C | M25: C | T25: C | AB25: 0.5 | AD25: 1 Coll = 1,5 journées
A26: 9h | B26: CAP | H26: P | R26: P | S26: P | T26: P | U26: P | AB26: 0.75 | AD26: 1 CI = 1,25 journée (compte tenu de la tardiveté)
A27: 13h30 | B27: CAP | R27: P | S27: P | T27: P | U27: P | AB27: 0.75 | AD27: 1 journée d’assises = 2 jour (1 jour de prépa + 1 jour d’audience si le parquetier n’est pas le régleur= ou 1,5 jour (si c’est le régleur)
A28: 13h30 | B28: DCMO | C28: P | D28: P | E28: P | F28: P | G28: P | M28: P | N28: P | O28: P | P28: P | Q28: P | AB28: 1 | AD28: Audiences spéciales : même calcul que pour les journées d’assises ?
A29: 14h | B29: DCMF | R29: P | S29: P | T29: P | U29: P | V29: P | AB29: 1
A30: 13h30 | B30: CJ | X30: P | Y30: 2/3 | AB30: 0.5
A31: 9h | B31: TJ | X31: E | Z31: E | AB31: 0.5
A32: 9h | B32: T Com | H32: E | I32: E | J32: E | K32: E | L32: E | M32: E | N32: E | O32: E | P32: E | Q32: E | R32: E | S32: E | T32: E | U32: E | V32: E | AB32: 0.75
A33: 13h30 | B33: T Com | H33: E | T33: E | AB33: 0.75

Sheet Feuil3
D1: ETPT | G1: Besoin SP | H1: Septembre | I1: Octobre | J1: Novembre | K1: Décembre
A2: PRACHE | B2: Pascal | D2: 1 | H2: 1 | I2: 1 | J2: 1 | K2: 1
A4: LOLLIC | B4: Hervé | C4: PAP | D4: 1 | H4: 1 | I4: 1 | J4: 1 | K4: 1
A5: BRION | B5: Céline | C5: 1 | D5: =SUM(C5:C12) -> 8 | H5: 1 | I5: 1 | J5: 1 | K5: 1
A6: CLAUDE | B6: Solaine | C6: 1 | H6: 1 | I6: 1 | J6: 1 | K6: 1
A7: EBER | B7: Lucile | C7: 1 | H7: 1 | I7: 1 | J7: 1 | K7: 1
A8: HOURANTIER | B8: Emanuelle | C8: 1 | H8: 1 | I8: 1 | J8: 1 | K8: 1
A9: LARCHER | B9: Aurélie | C9: 1 | H9: 1 | I9: 1 | J9: 1 | K9: 1
A10: LEBRETON | B10: Thomas | C10: 1 | E10: Remplacement | F10: Alice FUSINA | H10: 1 | I10: 1 | J10: 1 | K10: 1
A11: MEVELLEC | B11: Laouen | C11: 1 | H11: 1 | I11: 1 | J11: 1 | K11: 1
A12: YASMINEH | B12: Manuel | C12: 1 | H12: 1 | I12: 1 | J12: 1 | K12: 1
A13: TOTAL PAP | H13: =SUM(H5:H12) -> 8 | I13: =SUM(I5:I12) -> 8 | J13: =SUM(J5:J12) -> 8 | K13: =SUM(K5:K12) -> 8
A14: FOY | B14: Nathalie | C14: DEF | D14: 1 | H14: 1 | I14: 1 | J14: 1 | K14: 1
A15: AUGUSTIN | B15: Matthieu | C15: 1 | D15: =SUM(C15:C20) -> 6 | H15: 1 | I15: 1 | J15: 1 | K15: 1
A16: BOTTINI | B16: Karine | C16: 1 | E16: Remplacement | F16: Thomas LEBRETON | H16: 1 | I16: 1 | J16: 1 | K16: 1
A17: FUSINA | B17: Alice | C17: 1 | E17: Remplacement | F17: GERAUD Julia | H17: 1 | I17: 1 | J17: 1 | K17: 1
A18: MACCARINELLI | B18: Elliott | C18: 1 | H18: 1 | I18: 1 | J18: 1 | K18: 1
A19: MARTIN | B19: Anne-Gaëlle | C19: 1 | H19: 1 | I19: 1 | J19: 1 | K19: 1
A20: SIEGRIST | B20: Camille | C20: 1 | E20: Remplacement Gérald BEGRANGER | H20: 1 | I20: 1 | J20: 1 | K20: 1
A21: TOTAL DEF | H21: =SUM(H15:H20) -> 6 | I21: =SUM(I15:I20) -> 6 | J21: =SUM(J15:J20) -> 6 | K21: =SUM(K15:K20) -> 6
A22: LEFEVRE | B22: Pauline | D22: 1 | E22: Surnombre Concours complémentaire | G22: 0,50 (arrivée 18/09) | H22: 0.5 | I22: 1 | J22: 1 | K22: 1
A23: DENEUX | B23: Virginie | C23: PMF | D23: 1 | H23: 1 | I23: 1 | J23: 1 | K23: 1
A24: ALLAIN | B24: Emmanuelle | C24: 1 | D24: =SUM(C24:C30) -> 6.8 | H24: 1 | I24: 1 | J24: 1 | K24: 1
A25: DOUSSET | B25: Astrid | C25: 1 | H25: 1 | I25: 1 | J25: 1 | K25: 1
A26: QUELARD | B26: Cyril | C26: 1 | E26: Remplacement | F26: LEGOFF Margaux | H26: 1 | I26: 1 | J26: 1 | K26: 1
A27: LANDEMARRE | B27: Déborah | C27: 1 | H27: 1 | I27: 1 | J27: 1 | K27: 1
A28: MERVILLE | B28: Anne-Dominique | C28: 1 | G28: Absente | H28: 0 | I28: 0 | J28: 1 | K28: 1
A29: PETIT | B29: Pauline-Elise | C29: 0.8 | G29: TP 0,80 (18/09) | H29: 0.4 | I29: 0.8 | J29: 0.8 | K29: 0.8
A30: TROUIN | B30: Mathis | C30: 1 | E30: Surnombre Auditeur Justice | H30: 1 | I30: 1 | J30: 1 | K30: 1
A31: TOTAL PMF | C31: P. Civil | H31: =SUM(H24:H30) -> 5.4 | I31: =SUM(I24:I30) -> 5.8 | J31: =SUM(J24:J30) -> 6.8 | K31: =SUM(K24:K30) -> 6.8
A32: SP | H32: 1 | I32: 1
A33: DELFOSSE | B33: Marie-Emilie | C33: 1 | D33: =SUM(C33:C34) -> 2 | H33: 1 | I33: 1 | J33: 1 | K33: 1
A34: KARATAS | B34: Gussun | C34: 1 | H34: 1 | I34: 1 | J34: 1 | K34: 1
A35: TOTAL P. Civil | H35: =SUM(H33:H34) -> 2 | I35: =SUM(I33:I34) -> 2 | J35: =SUM(J33:J34) -> 2 | K35: =SUM(K33:K34) -> 2
A36: OUALID | B36: Jean-Pascal | C36: COFAC | D36: 1 | H36: 1 | I36: 1 | J36: 1 | K36: 1
A37: GILLARD | B37: Frédéric | C37: 1 | D37: =SUM(C37:C40) -> 4 | H37: 1 | I37: 1 | J37: 1 | K37: 1
A38: LACHKAR | B38: Ilana | C38: 1 | H38: 1 | I38: 1 | J38: 1 | K38: 1
A39: MONNIER | B39: Laetitia | C39: 1 | H39: 1 | I39: 1 | J39: 1 | K39: 1
A40: POUZET | B40: Mathilde | C40: 1 | H40: 1 | I40: 1 | J40: 1 | K40: 1
A41: TOTAL COFAC | H41: =SUM(H37:H40) -> 4 | I41: =SUM(I37:I40) -> 4 | J41: =SUM(J37:J40) -> 4 | K41: =SUM(K37:K40) -> 4
A42: GONTRAN | B42: Caroline | C42: PEP-EPI | D42: 1 | H42: 1 | I42: 1 | J42: 1 | K42: 1
A43: ASCH | B43: Clara | C43: 1 | D43: =SUM(C43:C46) -> 4 | H43: 1 | I43: 1 | J43: 1 | K43: 1
A44: BRUNIN | B44: Laetitia | C44: 1 | H44: 1 | I44: 1 | J44: 1 | K44: 1
A45: DIANZINGA | B45: Perside | C45: 1 | H45: 1 | I45: 1 | J45: 1 | K45: 1
A46: ZASOVA | B46: Svetlana | C46: 1 | H46: 1 | I46: 1 | J46: 1 | K46: 1
A47: TOTAL PEP | C47: PCSNE | H47: =SUM(H43:H46) -> 4 | I47: =SUM(I43:I46) -> 4 | J47: =SUM(J43:J46) -> 4 | K47: =SUM(K43:K46) -> 4
A48: JULIE | B48: Hugues | C48: 1 | D48: =SUM(C48:C49) -> 2 | H48: 1 | I48: 1 | J48: 1 | K48: 1
A49: POTTIER | B49: Stéphanie | C49: 1 | H49: 1 | I49: 1 | J49: 1 | K49: 1
A50: TOTAL PCSNE | H50: =SUM(H48:H49) -> 2 | I50: =SUM(I48:I49) -> 2 | J50: =SUM(J48:J49) -> 2 | K50: =SUM(K48:K49) -> 2
A51: CHALAUX | B51: Marion | D51: 1 | H51: 1 | I51: 1 | J51: 1 | K51: 1
A53: SP | B53: 21ème JO 2024 | D53: 1
A55: Effectif théorique | D55: =SUM(D1:D52) -> 40.8 | H55: =H2+H4+H13+H14+H21+H22+H23+H31+H35+H36+H41+H42+H47+H50+H51 -> 38.9 | I55: =I2+I4+I13+I14+I21+I22+I23+I31+I35+I36+I41+I42+I47+I50+I51 -> 39.8 | J55: =J2+J4+J13+J14+J21+J22+J23+J31+J35+J36+J41+J42+J47+J50+J51 -> 40.8 | K55: =K2+K4+K13+K14+K21+K22+K23+K31+K35+K36+K41+K42+K47+K50+K51 -> 40.8
A56: Effectif théorique + 1 SP | D56: =SUM(D2:D53) -> 41.8 | H56: =H2+H4+H13+H14+H21+H22+H23+H31+H32+H35+H36+H41+H42+H47+H50+H51 -> 39.9 | I56: =I2+I4+I13+I14+I21+I22+I23+I31+I32+I35+I36+I41+I42+I47+I50+I51 -> 40.8 | J56: =J2+J4+J13+J14+J21+J22+J23+J31+J32+J35+J36+J41+J42+J47+J50+J51 -> 40.8 | K56: =K2+K4+K13+K14+K21+K22+K23+K31+K32+K35+K36+K41+K42+K47+K50+K51 -> 40.8

Sheet Charges
C1: Tableau de répartition des audiences entre les divisions du parquet (février 2022)
E2: LUNDI | J2: MARDI | O2: MERCREDI | T2: JEUDI | Y2: VENDREDI
C3: 1 | D3: 2 | E3: 3 | F3: 4 | G3: 5 | H3: 1 | I3: 2 | J3: 3 | K3: 4 | L3: 5 | M3: 1 | N3: 2 | O3: 3 | P3: 4 | Q3: 5 | R3: 1 | S3: 2 | T3: 3 | U3: 4 | V3: 5 | W3: 1 | X3: 2 | Y3: 3 | Z3: 4 | AA3: 5
A4: 9h | B4: 11ème JU - Route | C4: A | D4: A | E4: A | F4: A | G4: A | H4: A | I4: A | J4: A | K4: A | L4: A
A5: 9h | B5: 12ème JU - Pénal général | W5: A | Y5: A | Z5: A | AA5: A
A6: 9h | B6: 13ème JU - Famille | C6: M | D6: M | E6: M | F6: M | G6: M
A7: 9h | B7: 17ème JU - Pénal général ou urban. | M7: A | N7: A | O7: A | P7: A | Q7: A | W7: E | X7: A | Y7: E | Z7: C | AA7: M
A8: 9h | B8: 18ème JU - Pénal général | H8: A | I8: A | J8: A | K8: A | L8: A
A9: 9h | B9: 20ème JU - Pénal général | M9: S | N9: A | O9: S | P9: S | Q9: S
A10: 9h | B10: 20ème Coll - Famille | E10: M
A11: 9h | B11: CRPC | M11: G | N11: E | O11: G | P11: A | Q11: A | T11: M | U11: S
A12: 9h | B12: TPE | H12: M | I12: M | J12: M | K12: M | L12: M | M12: M | N12: M | O12: M | P12: M | Q12: M | R12: M | S12: M | T12: M | U12: M | V12: M
A13: 13h30 | B13: 12ème Coll – Stup | N13: S | R13: S | S13: S | T13: S | U13: S | V13: S | W13: S | X13: S | Y13: S | Z13: S | AA13: S
A14: 13h30 | B14: 14ème Coll – Ecofi/Presse | H14: S | I14: E | J14: E | K14: E | L14: E | N14: E | P14: E
A15: 13h30 | B15: 15ème Coll – Ecofi | R15: E | S15: E | T15: E | U15: E | V15: E | W15: E | X15: E | Y15: E | Z15: E | AA15: E
A16: 13h30 | B16: 16ème – comparutions immédiates | C16: A | D16: A | E16: S | F16: A | G16: A | H16: E | I16: P | J16: P | K16: P | L16: P | M16: A | N16: A | O16: A | P16: A | Q16: A | R16: A | S16: C | T16: M | U16: M | V16: M | W16: P | X16: G | Y16: A | Z16: P | AA16: A
A17: 13h30 | B17: 17ème Coll Pénal G ou Travail | C17: E | D17: E | E17: A | F17: E | G17: A
A18: 13h30 | B18: 18ème Coll - Pénal général | H18: A | I18: A | J18: A | K18: A | L18: A | R18: C | S18: C | T18: C | U18: C | V18: C
A19: 13h30 | B19: 20ème JU - Violences conjugales | J19: M
A20: 13h30 | B20: 20ème Coll – Mineurs | C20: C | D20: M | E20: M | F20: M | G20: M
A21: 13h30 | B21: T.Police | C21: A | E21: A
A22: 13h31 | B22: TPE | H22: M | I22: M | J22: M | K22: M | L22: M | M22: M | N22: M | O22: M | P22: M | Q22: M | R22: M | S22: M | T22: M | U22: M | V22: M
A23: 9h30 | B23: Audiences civiles | H23: C | J23: C | K23: C
A24: 13h30 | B24: Audiences civiles | C24: C | E24: C | M24: C | T24: C
A25: 9h | B25: CAP | H25: P | R25: P | S25: P | T25: P | U25: P
A26: 13h30 | B26: CAP | R26: P | S26: P | T26: P | U26: P
A27: 13h30 | B27: Débats milieu ouvert/Aud. JA | C27: P | D27: P | E27: P | F27: P | G27: P | M27: P | N27: P | O27: P | P27: P | Q27: P | AC27: =(19+16)/2 -> 17.5
A28: 14h | B28: Débats milieu fermé | R28: P | S28: P | T28: P | U28: P | V28: P | AC28: =(4*12)/(208*4) -> 0.057692308
A29: 13h30 | B29: Audiences contraintes judiciaires | X29: P | AC29: =12/208 -> 0.057692308
A30: 9h | B30: TGI Procédures collectivs | X30: E | Z30: E | AC30: =(2*10)/(208*8) -> 0.012019231
A31: 9h | B31: T Com | H31: E | I31: E | J31: E | K31: E | L31: E | M31: E | N31: E | O31: E | P31: E | Q31: E | R31: E | S31: E | T31: E | U31: E | V31: E | AC31: =42.5/2/6 -> 3.5416667 | AD31: =(AC31*10)/208 -> 0.17027244 | AJ31: Vac. MH | AK31: Perm. Prélim
A32: 13h30 | B32: T Com | H32: E | T32: E | AJ32: 300 | AK32: =AS37*2 -> 85.6 | AL32: demi-journées par an
A33: 9h | B33: IT | AI33: ETPT | AJ33: =AJ32/(214*2) -> 0.70093458 | AK33: Renfort
AK34: =AS37*7 -> 299.6 | AL34: demi-journées par an
AC37: mois 4 semaines | AD37: mois 5 semaines | AE37: Parquet (3 SP) | AF37: PH | AG37: PAP (6) | AH37: PAP (6+2 SP) | AI37: PAP (6+1 CP) | AJ37: avec Renfort MH | AK37: PMF | AL37: DEF | AO37: COFAC (1SP) | AP37: EP | AQ37: Civil | AS37: =214/5 -> 42.8 | AT37: semaines travaillées
AB38: Nombre d'ETPT mag. parquet (avec 3 SP) | AD38: 33 | AE38: 36 | AF38: 5 | AG38: 6 | AH38: 8 | AI38: 7 | AJ38: =8+AJ33 -> 8.7009346 | AK38: 6 | AL38: 6 | AO38: 3 | AP38: 4 | AQ38: 2
AB39: Nombre ETPT de perm/audiences | AD39: 27 | AE39: 29 | AF39: 5 | AG39: 6 | AH39: 8 | AI39: 7 | AJ39: =8+AJ33 -> 8.7009346 | AK39: 6 | AL39: 6 | AO39: 3 | AP39: 4 | AQ39: 2
AB40: Nombre ETPT de perm nuits et WE | AD40: 27 | AE40: 29 | AF40: 5 | AG40: 6 | AH40: 8 | AI40: 7 | AK40: 6 | AL40: 6 | AO40: 3 | AP40: 4 | AQ40: 2
AB41: total 1/2 journées magistrat | AE41: =AE39*AS47 -> 1232.5 | AF41: =AF38*AS46*2 -> 212.5 | AG41: =AG38*AS46*2 -> 255 | AH41: =AH38*AS47 -> 340 | AI41: =AI38*AS47 -> 297.5 | AJ41: =AJ38*AS46*2 -> 369.78972 | AK41: =AK39*$AS$46*2 -> 255 | AL41: =AL39*$AS$46*2 -> 255 | AM41: =AM39*$AS$46*2 -> 0 | AN41: =AN39*$AS$46*2 -> 0 | AO41: =AO39*$AS$46*2 -> 127.5 | AP41: =AP39*$AS$46*2 -> 170 | AQ41: =AQ39*$AS$46*2 -> 85
AB43: 1/2 j d'audiences (Tcorr, TPE, Tpol, Tcom.) | AC43: =29*20-COUNTBLANK(C4:F33)-COUNTBLANK(H4:K33)-COUNTBLANK(M4:P33)-COUNTBLANK(R4:U33)-COUNTBLANK(W4:Z33) -> 149 | AD43: =203 -> 203 | AE43: =AVERAGE(AC43,AD43) -> 176 | AG43: =AVERAGE((COUNTIF(C4:F33,"A")+COUNTIF(H4:K33,"A")+COUNTIF(M4:P33,"A")+COUNTIF(R4:U33,"A")+COUNTIF(W4:Z33,"A")),(COUNTIF(C4:AA33,"A"))) -> 43.5 | AH43: =$AG$43 -> 43.5 | AI43: =$AG$43 -> 43.5 | AJ43: =$AG$43 -> 43.5 | AK43: =AVERAGE((COUNTIF(C4:F33,"M")+COUNTIF(H4:K33,"M")+COUNTIF(M4:P33,"M")+COUNTIF(R4:U33,"M")+COUNTIF(W4:Z33,"M")),(COUNTIF(C4:AA33,"M"))) -> 41 | AL43: =AVERAGE((COUNTIF(C4:F33,"E")+COUNTIF(H4:K33,"E")+COUNTIF(M4:P33,"E")+COUNTIF(R4:U33,"E")+COUNTIF(W4:Z33,"E")),(COUNTIF(C4:AA33,"E"))) -> 39 | AM43: =(42+36)/2 -> 39 | AN43: =COUNTIF(C4:F33,"S")+COUNTIF(H4:K33,"S")+COUNTIF(M4:P33,"S")+COUNTIF(R4:U33,"S")+COUNTIF(W4:Z33,"S") -> 15 | AO43: =AVERAGE((COUNTIF(C4:F33,"S")+COUNTIF(H4:K33,"S")+COUNTIF(M4:P33,"S")+COUNTIF(R4:U33,"S")+COUNTIF(W4:Z33,"S")),(COUNTIF(C4:AA33,"S"))) -> 16.5 | AP43: =AVERAGE((COUNTIF(C4:F33,"P")+COUNTIF(H4:K33,"P")+COUNTIF(M4:P33,"P")+COUNTIF(R4:U33,"P")+COUNTIF(W4:Z33,"P")),(COUNTIF(C4:AA33,"P"))) -> 29 | AQ43: =AVERAGE((COUNTIF(C4:F33,"C")+COUNTIF(H4:K33,"C")+COUNTIF(M4:P33,"C")+COUNTIF(R4:U33,"C")+COUNTIF(W4:Z33,"C")),(COUNTIF(C4:AA33,"C"))) -> 14.5 | AS43: =365-52*2-47 -> 214 | AT43: jours travaillés par an
AB44: 1/2 préparation audiences | AE44: =AG44+AK44+AL44+AO44+AP44+AQ44 -> 161.75 | AG44: =AG43 -> 43.5 | AH44: =AH43 -> 43.5 | AI44: =AI43 -> 43.5 | AJ44: =AJ43 -> 43.5 | AK44: =AK43 -> 41 | AL44: =AL43 -> 39 | AO44: =AO43 -> 16.5 | AP44: =AP43/2 -> 14.5 | AQ44: =AQ43/2 -> 7.25 | AS44: =(7*31+4*30+28)/12 -> 30.416667 | AT44: jours par mois (moyenne)
AB45: 1/2 jour perm. de semaine | AD45: =7*AS47 -> 297.5 | AE45: =AG45+AK45+AL45+AO45+AP45+AQ45 -> 297.5 | AG45: =($AS$47*2) -> 85 | AH45: =($AS$47*2) -> 85 | AI45: =($AS$47*2) -> 85 | AK45: =$AS$47 -> 42.5 | AL45: =AS47 -> 42.5 | AO45: =AS47 -> 42.5 | AP45: =AS47 -> 42.5 | AQ45: =AS47 -> 42.5 | AS45: =(52*2+6)/12 -> 9.1666667 | AT45: jours de WE/férié par mois
AB46: 1/2 jour perm. Prélim. et renfort PMF | AE46: =AG46+AK46+AL46+AO46+AP46+AQ46 -> 30.25 | AG46: =$AS$46 -> 21.25 | AH46: =$AS$46 -> 21.25 | AI46: =$AS$46 -> 21.25 | AK46: =(AK32+AK34)/AS37 -> 9 | AS46: =AS44-(AS45) -> 21.25 | AT46: jours ouvrables
AB47: 1/2 JLD-nuits semaine / PH | AE47: =AS47 -> 42.5 | AF47: =AS46 -> 21.25 | AG47: =$AE$47*AG40/$AD$40 -> 9.4444444 | AH47: =$AE$47*AH40/$AE$40 -> 11.724138 | AI47: =$AE$47*AI40/$AE$40 -> 10.258621 | AJ47: =$AE$47*AJ40/$AE$40 -> 0 | AK47: =$AE$47*AK40/$AE$40 -> 8.7931034 | AL47: =$AE$47*AL40/$AE$40 -> 8.7931034 | AM47: =$AE$47*AM40/$AE$40 -> 0 | AN47: =$AE$47*AN40/$AE$40 -> 0 | AO47: =$AE$47*AO40/$AE$40 -> 4.3965517 | ... AQ47: =$AE$47*AQ40/$AE$40 -> 2.9310345 | AS47: =AS46*2 -> 42.5 | AT47: 1/2 journées ouvrables
AB48: 1/2 jours de récups nuits | AD48: =AH48+AK48+AL48+AO48+AP48+AQ48 -> 42.5 | AE48: =AS47 -> 42.5 | AG48: =$AE$48*AG40/$AD$40 -> 9.4444444 | AH48: =$AE$48*AH40/$AE$40 -> 11.724138 | AJ48: =$AE$48*AJ40/$AE$40 -> 0 | AK48: =$AE$48*AK40/$AE$40 -> 8.7931034 | AL48: =$AE$48*AL40/$AE$40 -> 8.7931034 | AM48: =$AE$48*AM40/$AE$40 -> 0 | AN48: =$AE$48*AN40/$AE$40 -> 0 | AO48: =$AE$48*AO40/$AE$40 -> 4.3965517 | AP48: =$AE$48*AP40/$AE$40 -> 5.862069 | AQ48: =$AE$48*AQ40/$AE$40 -> 2.9310345 | AS48: =(47-3.5*5)/10*2 -> 5.9 | AT48: 1/2 jours de congés par mois (moy.)
AB49: 1/2 journées de récups WE | AE49: =AS45*2*2 -> 36.666667 | AG49: =$AE$49*AG40/$AD$40 -> 8.1481481 | AH49: =$AE$49*AH40/$AE$40 -> 10.114943 | AJ49: =$AE$49*AJ40/$AE$40 -> 0 | AK49: =$AE$49*AK40/$AE$40 -> 7.5862069 | AL49: =$AE$49*AL40/$AE$40 -> 7.5862069 | AM49: =$AE$49*AM40/$AE$40 -> 0 | AN49: =$AE$49*AN40/$AE$40 -> 0 | AO49: =$AE$49*AO40/$AE$40 -> 3.7931034 | AP49: =$AE$49*AP40/$AE$40 -> 5.0574713 | AQ49: =$AE$49*AQ40/$AE$40 -> 2.5287356
AB50: 1/2 jour congés | AE50: =AS48*AE39 -> 171.1 | AF50: =$AS48*AF39 -> 29.5 | AG50: =$AS48*AG39 -> 35.4 | AH50: =$AS48*AH39 -> 47.2 | AJ50: =$AS48*AJ39 -> 51.335514 | AK50: =$AS48*AK39 -> 35.4 | AL50: =$AS48*AL39 -> 35.4 | AM50: =$AS48*AM39 -> 0 | AN50: =$AS48*AN39 -> 0 | AO50: =$AS48*AO39 -> 17.7 | AP50: =$AS48*AP39 -> 23.6 | AQ50: =$AS48*AQ39 -> 11.8 | AS50: =AS46/5 -> 4.25
AB51: TOTAL charges (1/2 journées) | AE51: =SUM(AE43:AE50) -> 958.26667 | AG51: =SUM(AG43:AG50) -> 255.68704 | AH51: =SUM(AH43:AH50) -> 274.01322 | AI51: =SUM(AI43:AI50) -> 203.50862 | AK51: =SUM(AK43:AK50) -> 194.07241 | AL51: =SUM(AL43:AL50) -> 181.07241 | AO51: =SUM(AO43:AO50) -> 105.78621 | AP51: =SUM(AP43:AP50) -> 126.38161 | AQ51: =SUM(AQ43:AQ50) -> 84.440805
AB53: total 1/2 journées cabinet | AE53: =AE41-AE51 -> 274.23333 | AG53: =AG41-AG51 -> -0.68703704 | AH53: =AH41-AH51 -> 65.986782 | AI53: =AI41-AI51 -> 93.991379 | AK53: =AK41-AK51 -> 60.927586 | AL53: =AL41-AL51 -> 73.927586 | AO53: =AO41-AO51 -> 21.713793 | AP53: =AP41-AP51 -> 43.618391 | AQ53: =AQ41-AQ51 -> 0.5591954 | AV53: =4.33*2*2*2 -> 34.64
AB54: TOTAL (1/2 journées) | AE54: =SUM(AE51,AE53) -> 1232.5
AB55: 1/2 cab/magistrat | AE55: =AE53/35.6 -> 7.7031835 | AG55: =AG53/AH39 -> -0.08587963 | AK55: =AK53/AK39 -> 10.154598 | AL55: =AL53/AL39 -> 12.321264 | AO55: =AO53/AO39 -> 7.237931 | AP55: =AP53/AP39 -> 10.904598 | AQ55: =AQ53/AQ39 -> 0.2795977
AB56: 1/2 journée perm/mag. | AG56: =AG45/AG38 -> 14.166667 | AH56: =AH45/AH38 -> 10.625 | AI56: =AI45/AI38 -> 12.142857 | AT56: =208/5 -> 41.6
AB57: Nombre de jours de cab/mois/mag. | AE57: =AE55/2 -> 3.8515918 | AG57: =AG55/2 -> -0.042939815 | AK57: =AK55/2 -> 5.0772989 | AL57: =AL55/2 -> 6.1606322 | AO57: =AO55/2 -> 3.6189655 | AP57: =AP55/2 -> 5.4522989 | AQ57: =AQ55/2 -> 0.13979885
AB58: MOIS De
AB59: ½ journées d’audiences spéciales/assises supplémentaires | AE59: =27-11 -> 16 | AG59: 4 | AH59: =27-11 -> 16 | AJ59: =27-11 -> 16 | AK59: 0 | AL59: 1 | AM59: =27-11 -> 16 | AN59: =27-11 -> 16 | AO59: 12 | AP59: 0 | AQ59: 0 | AS59: Année | AT59: 208 | AU59: jours
AB60: total 1/2 journées cabinet | AE60: =AE53-AE59 -> 258.23333 | AG60: =AG53-AG59 -> -4.687037 | AH60: =AH53-AH59 -> 49.986782 | AJ60: =AJ53-AJ59 -> -16 | AK60: =AK53-AK59 -> 60.927586 | AL60: =AL53-AL59 -> 72.927586 | AM60: =AM53-AM59 -> -16 | AN60: =AN53-AN59 -> -16 | AO60: =AO53-AO59 -> 9.7137931 | AP60: =AP53-AP59 -> 43.618391 | AQ60: =AQ53-AQ59 -> 0.5591954 | AS60: hors Mut : | AT60: =208-(7*5) -> 173
AB61: 1/2 cab/magistrat | AE61: =AE60/35.6 -> 7.2537453 | AG61: =AG60/AH39 -> -0.58587963 | AH61: =AH60/#REF! -> #REF! | AJ61: =AJ60/AJ39 -> -1.8388829 | AK61: =AK60/AK39 -> 10.154598 | AL61: =AL60/AL39 -> 12.154598 | AM61: =AM60/35.6 -> -0.4494382 | AN61: =AN60/35.6 -> -0.4494382 | AO61: =AO60/AO40 -> 3.237931 | AP61: =AP60/AP40 -> 10.904598 | AQ61: =AQ60/AQ40 -> 0.2795977
AB62: Nombre de jours de cab/mois/mag. | AE62: =AE61/2 -> 3.6268727 | AG62: =AG61/2 -> -0.29293981 | AH62: =AH61/2 -> #REF! | AJ62: =AJ61/2 -> -0.91944146 | AK62: =AK61/2 -> 5.0772989 | AL62: =AL61/2 -> 6.0772989 | AM62: =AM61/2 -> -0.2247191 | AN62: =AN61/2 -> -0.2247191 | AO62: =AO61/2 -> 1.6189655 | AP62: =AP61/2 -> 5.4522989 | AQ62: =AQ61/2 -> 0.13979885
AB64: ETPT permanence | AD64: =(AD45/2)*10/(173*AD38) -> 0.26055351 | AE64: =(AE45/2)*10/(173*AE38) -> 0.23884072 | AF64: =(AF45/2)*10/(173*AF38) -> 0 | AG64: =(AG45/2)*10/(173*AG38) -> 0.40944123 | AH64: =(AH45/2)*10/(173*AH38) -> 0.30708092 | AI64: =(AI45/2)*10/(173*AI38) -> 0.35094963 | AJ64: =(AJ45/2)*10/(173*AJ38) -> 0 | AK64: =(AK45/2)*10/(173*AK38) -> 0.20472062 | ... AQ64: =(AQ45/2)*10/(173*AQ38) -> 0.61416185
AB65: ETPT audience | AD65: =(AD43*10)/(173*AD38) -> 0.35557891 | AE65: =(AE43*10)/(173*AE38) -> 0.28259473 | AF65: =(AF43*10)/(173*AF38) -> 0 | AG65: =(AG43*10)/(173*AG38) -> 0.41907514 | AH65: =(AH43*10)/(173*AH38) -> 0.31430636 | AI65: =(AI43*10)/(173*AI38) -> 0.35920727 | AJ65: =(AJ43*10)/(173*AJ38) -> 0.2889863 | AK65: =(AK43*10)/(173*AK38) -> 0.39499037 | ... AQ65: =(AQ43*10)/(173*AQ38) -> 0.41907514
